1,0.01,-0.04,-0.98,1.28,1.49,-2.16,4904.0,
2,0.01,-0.03,-0.86,1.22,0.92,-2.16,4933.0,
3,0.01,-0.02,-0.54,1.34,2.23,-2.02,5010.0,
4,0.0,-0.02,-0.48,1.3,0.72,-2.23,5031.0,
5,-0.0,-0.01,-0.31,1.38,1.16,-2.14,5111.0,
6,0.0,-0.01,-0.25,1.07,1.47,-1.95,5151.0,
7,0.02,-0.03,-0.77,1.39,2.58,-2.37,4952.0,
8,-0.0,-0.01,-0.19,1.2,1.09,-2.21,5192.0,
9,0.01,-0.02,-0.62,1.37,-0.34,-2.13,4991.0,
10,0.02,-0.03,-0.68,1.34,0.86,-2.12,4971.0,
11,0.01,-0.02,-0.43,1.45,1.67,-2.53,5050.0,
12,0.01,-0.01,-0.34,1.27,-0.02,-1.98,5088.0,
13,0.01,-0.02,-0.38,1.26,1.98,-1.97,5069.0,
14,0.0,-0.0,-0.27,1.16,2.64,-2.3,5131.0,
15,0.0,-0.01,-0.21,1.34,0.79,-2.14,5171.0,
16,-0.0,-0.01,-0.17,1.31,1.06,-2.21,5213.0,
17,0.0,-0.01,-0.15,1.16,1.37,-2.09,5233.0,
18,0.0,-0.01,-0.13,1.2,1.17,-2.01,5252.0,
19,0.0,-0.01,-0.12,1.24,0.64,-2.16,5271.0,
20,-0.01,-0.01,-0.1,1.37,2.47,-2.5,5296.0,
21,-0.0,-0.0,-0.1,1.3,1.8,-2.31,5316.0,
22,0.0,-0.0,-0.08,1.46,1.21,-2.19,5404.0,
23,-0.01,-0.01,-0.08,1.39,0.17,-2.43,5424.0,
24,0.01,-0.0,-0.07,1.38,1.05,-2.24,5443.0,
25,-0.0,-0.0,-0.06,1.15,1.47,-2.24,5464.0,
26,0.0,-0.01,-0.04,1.39,0.85,-2.34,5488.0,
27,0.01,-0.01,-0.05,1.37,1.18,-2.42,5512.0,
28,-0.0,0.0,-0.04,1.21,2.18,-2.05,5530.0,
29,0.0,-0.0,-0.03,1.4,0.53,-2.07,5554.0,
30,-0.0,-0.01,-0.03,1.24,1.2,-2.19,5573.0,
31,0.0,-0.01,-0.03,1.31,0.73,-2.3,5592.0,
32,-0.01,0.0,-0.02,1.25,1.04,-2.05,5614.0,
33,0.01,-0.01,-0.01,1.2,1.45,-2.24,5634.0,
34,0.01,0.01,-0.03,1.44,1.19,-2.15,5665.0,
35,-0.0,0.0,-0.02,1.23,0.12,-2.11,5710.0,
36,0.01,0.0,-0.01,1.22,1.22,-2.32,5766.0,
37,0.01,0.0,-0.02,1.35,1.48,-2.08,5784.0,
38,0.0,-0.0,-0.02,1.24,1.2,-2.34,5804.0,
39,0.0,-0.01,-0.01,1.52,1.03,-2.19,5824.0,
40,-0.0,0.0,-0.01,1.09,0.88,-2.1,5845.0,
41,0.01,0.0,-0.01,1.29,2.31,-2.42,5864.0,
42,0.01,-0.0,-0.0,1.31,0.03,-2.08,5888.0,
43,-0.0,-0.0,-0.01,1.36,2.36,-2.34,5909.0,
44,-0.01,0.0,-0.01,1.48,2.56,-2.39,5930.0,
45,0.01,-0.01,-0.01,1.32,0.27,-2.1,5955.0,
46,-0.0,-0.0,0.01,1.38,1.44,-2.25,5977.0,
47,-0.01,0.0,-0.0,1.37,2.18,-2.24,5996.0,
48,0.01,-0.0,0.0,1.19,0.85,-2.29,6016.0,
49,-0.0,0.0,0.0,1.35,0.31,-2.07,6036.0,
50,0.0,0.0,-0.0,1.4,0.5,-2.08,6055.0,
51,-0.01,-0.0,-0.01,1.32,1.14,-2.11,6074.0,
52,0.01,-0.0,0.0,1.29,1.64,-2.27,6099.0,
53,0.0,-0.0,-0.01,1.32,1.06,-2.17,6118.0,
54,-0.01,-0.0,0.0,1.38,1.23,-2.11,6141.0,
55,0.0,0.0,-0.01,1.27,0.83,-2.33,6167.0,
56,-0.0,0.0,0.0,1.35,1.37,-2.19,6186.0,
57,-0.0,-0.0,-0.0,1.21,1.04,-2.21,6205.0,
58,-0.01,0.0,-0.01,1.34,0.99,-1.92,6225.0,
59,-0.0,0.0,0.01,1.27,1.0,-2.18,6245.0,
60,-0.0,-0.0,-0.0,1.38,3.36,-1.98,6264.0,
61,-0.0,-0.0,-0.01,1.27,0.31,-2.19,6284.0,
62,0.0,-0.0,0.0,1.3,1.78,-2.3,6317.0,
63,0.0,0.0,0.0,1.14,0.57,-2.41,6337.0,
64,-0.0,-0.01,-0.01,1.33,2.51,-2.3,6362.0,
65,0.01,0.0,0.01,1.22,1.91,-2.51,6383.0,
66,0.01,0.0,0.01,1.38,-0.82,-2.17,6402.0,
67,0.0,-0.01,0.01,1.33,0.34,-1.97,6422.0,
68,-0.02,-0.01,-0.01,1.27,-0.04,-1.95,6442.0,
69,-0.0,0.0,0.0,1.4,-0.52,-2.05,6466.0,
70,-0.01,0.0,-0.01,1.21,3.51,-2.23,6485.0,
71,0.01,0.0,0.01,1.38,2.89,-2.27,6523.0,
72,0.01,-0.0,0.01,1.39,1.91,-2.24,6554.0,
73,-0.02,-0.0,-0.02,1.36,-0.32,-2.18,6572.0,
74,-0.0,0.0,-0.01,1.29,-0.69,-2.38,6593.0,
75,-0.01,-0.0,-0.01,1.12,3.21,-2.31,6612.0,
76,-0.01,0.0,-0.02,1.09,-0.08,-2.28,6632.0,
77,-0.01,0.0,-0.0,1.27,1.44,-2.48,6651.0,
78,-0.01,0.0,-0.0,1.25,1.84,-2.35,6670.0,
79,-0.0,0.0,0.0,1.33,0.47,-2.08,6690.0,
80,-0.01,0.0,0.0,1.24,2.27,-2.21,6710.0,
81,0.01,-0.0,0.01,1.44,1.99,-2.26,6731.0,
82,0.01,-0.0,0.01,1.27,0.32,-2.18,6750.0,
83,0.01,0.0,0.01,1.36,1.02,-2.39,6770.0,
84,0.01,-0.0,0.0,1.37,1.6,-2.0,6803.0,
85,0.01,0.0,0.0,1.34,-0.21,-2.1,6823.0,
86,0.0,-0.0,0.01,1.44,-0.35,-2.08,6869.0,
87,0.0,0.0,0.01,1.4,1.27,-1.85,6888.0,
88,-0.01,0.0,-0.01,1.31,0.83,-2.13,6918.0,
89,-0.01,-0.0,0.0,1.32,0.21,-2.13,6938.0,
90,-0.0,-0.0,-0.0,1.26,0.21,-2.18,6970.0,
91,0.0,-0.0,0.0,1.33,1.78,-2.18,6989.0,
92,0.01,-0.0,0.0,1.31,1.82,-2.11,7010.0,
93,0.0,0.0,-0.01,1.3,1.57,-2.15,7031.0,
94,0.01,0.0,0.0,1.44,0.96,-2.27,7050.0,
95,0.0,0.0,0.0,1.2,1.5,-2.07,7076.0,
96,0.0,0.0,0.0,1.24,0.69,-2.05,7095.0,
97,-0.0,-0.0,0.0,1.15,1.99,-2.2,7124.0,
98,-0.01,-0.0,-0.01,1.16,2.05,-2.16,7142.0,
99,-0.0,0.01,0.0,1.13,1.16,-2.15,7162.0,
100,0.0,0.0,0.01,1.31,1.79,-2.06,7180.0,
101,0.0,0.0,-0.01,1.33,1.12,-2.23,7199.0,
102,0.0,0.0,-0.01,1.24,0.37,-2.13,7218.0,
103,0.0,-0.0,-0.01,1.23,1.65,-2.5,7238.0,
104,0.0,0.01,0.0,1.27,2.31,-2.44,7259.0,
105,-0.02,-0.01,-0.02,1.18,4.0,-2.44,7286.0,
106,-0.0,-0.0,0.01,1.24,-0.24,-2.25,7305.0,
107,0.0,0.0,0.0,1.17,5.66,-2.28,7324.0,
108,-0.0,-0.0,0.01,1.21,1.11,-2.31,7344.0,
109,0.03,0.02,0.03,1.31,-1.53,-2.5,7367.0,
110,-0.01,0.01,0.0,1.27,3.96,-2.59,7385.0,
111,-0.0,-0.01,0.01,1.37,-3.03,-1.92,7404.0,
112,0.0,-0.02,0.02,1.21,1.63,-2.16,7426.0,
113,-0.03,0.0,-0.05,1.43,3.36,-2.46,7447.0,
114,0.01,-0.01,0.0,1.37,-2.52,-2.08,7466.0,
115,-0.01,-0.01,0.0,1.1,2.63,-2.24,7485.0,
116,-0.02,-0.01,-0.03,1.36,-0.15,-1.97,7504.0,
117,0.02,0.0,0.02,1.4,-1.66,-2.28,7527.0,
118,0.02,-0.0,0.01,1.18,4.94,-2.34,7547.0,
119,-0.02,-0.0,-0.02,1.39,2.69,-2.26,7604.0,
120,0.01,-0.0,0.01,1.36,-0.44,-2.24,7623.0,
121,0.01,0.0,0.01,1.11,5.23,-2.09,7642.0,
122,-0.01,-0.0,-0.01,1.23,-0.74,-2.12,7661.0,
123,0.02,-0.0,0.01,1.44,0.27,-2.15,7681.0,
124,-0.01,-0.01,-0.01,1.21,2.02,-2.32,7699.0,
125,0.01,0.0,-0.0,1.26,-0.76,-2.42,7720.0,
126,0.01,0.0,-0.01,1.31,-0.41,-2.28,7749.0,
127,-0.0,-0.0,0.01,1.2,2.05,-2.25,7768.0,
128,-0.02,0.0,-0.0,1.34,0.62,-2.31,7787.0,
129,-0.0,0.01,-0.0,1.24,1.01,-2.36,7805.0,
130,-0.0,0.0,0.0,1.29,2.99,-2.21,7824.0,
131,0.01,0.0,-0.0,1.36,0.76,-2.1,7843.0,
132,0.01,-0.0,-0.0,1.36,1.3,-2.18,7864.0,
133,0.01,-0.01,0.0,1.16,0.79,-1.93,7892.0,
134,0.0,-0.0,-0.0,1.24,1.52,-2.46,7911.0,
135,-0.01,0.0,-0.01,1.32,1.19,-2.2,7950.0,
136,-0.01,0.0,0.0,1.15,1.62,-2.2,7971.0,
137,-0.01,0.01,0.01,1.33,1.45,-2.18,7990.0,
138,-0.0,-0.0,-0.0,1.34,1.65,-2.31,8010.0,
139,0.0,0.0,-0.0,1.15,0.65,-2.14,8029.0,
140,0.0,-0.0,0.01,1.32,1.15,-2.23,8047.0,
141,0.01,-0.01,-0.01,1.33,0.34,-2.44,8068.0,
142,-0.01,-0.01,-0.01,1.18,0.97,-2.34,8086.0,
143,0.01,-0.02,-0.0,1.18,1.31,-1.33,8105.0,
144,0.0,0.01,-0.0,1.33,0.76,-2.05,8132.0,
145,-0.01,0.02,-0.01,1.41,4.38,-2.11,8151.0,
146,-0.0,0.0,-0.01,1.31,-0.58,-1.87,8176.0,
147,0.0,0.0,0.01,1.28,0.47,-2.1,8196.0,
148,-0.0,0.0,0.01,1.34,1.2,-2.15,8214.0,
149,0.01,-0.0,0.01,1.57,-0.09,-1.92,8233.0,
150,-0.0,-0.0,0.0,1.37,2.82,-2.28,8253.0,
151,-0.0,-0.0,-0.01,1.28,0.35,-2.22,8274.0,
152,0.01,0.0,0.01,1.38,-0.05,-2.27,8296.0,
153,0.01,-0.01,0.03,1.4,1.83,-2.19,8324.0,
154,-0.01,-0.0,-0.0,1.5,1.04,-2.24,8346.0,
155,0.0,0.0,0.0,1.25,-0.87,-2.01,8366.0,
156,-0.0,0.0,0.01,1.35,3.32,-2.23,8387.0,
157,-0.0,0.01,-0.0,1.13,0.58,-2.03,8405.0,
158,0.01,0.01,0.01,1.15,1.87,-2.1,8424.0,
159,-0.01,0.01,-0.0,1.19,2.08,-2.32,8443.0,
160,0.01,-0.0,0.01,1.31,0.09,-1.97,8462.0,
161,0.0,-0.0,-0.0,1.31,1.91,-2.2,8481.0,
162,-0.0,-0.0,0.0,1.34,1.62,-2.24,8504.0,
163,0.01,0.0,0.01,1.52,1.41,-2.08,8523.0,
164,-0.01,0.0,-0.01,1.29,0.89,-2.21,8542.0,
165,0.01,-0.0,0.0,1.4,0.64,-2.08,8577.0,
166,-0.01,-0.01,-0.0,1.34,1.5,-2.14,8596.0,
167,-0.0,0.0,0.0,1.49,0.53,-2.18,8615.0,
168,0.0,0.0,-0.01,1.21,0.8,-2.16,8634.0,
169,0.0,-0.0,-0.0,1.18,1.8,-2.02,8657.0,
170,-0.0,-0.0,-0.0,1.26,0.16,-2.18,8708.0,
171,-0.01,-0.0,-0.01,1.27,2.18,-2.31,8750.0,
172,0.01,0.0,-0.0,1.31,2.53,-2.14,8788.0,
173,0.0,0.01,-0.0,1.38,1.73,-2.05,8808.0,
174,0.01,-0.0,0.01,1.34,0.62,-2.19,8826.0,
175,-0.01,-0.0,0.0,1.29,0.35,-2.02,8845.0,
176,-0.01,-0.0,-0.01,1.24,1.21,-2.18,8864.0,
177,-0.01,-0.01,0.01,1.26,1.22,-2.26,8883.0,
178,-0.0,0.0,0.0,1.32,1.18,-2.12,8902.0,
179,0.0,0.0,0.01,1.23,1.5,-2.09,8921.0,
180,0.0,-0.0,-0.0,1.46,1.34,-2.08,8939.0,
181,0.0,-0.0,-0.01,1.25,-0.04,-2.11,8959.0,
182,0.0,-0.0,0.0,1.34,1.73,-2.29,8978.0,
183,0.01,-0.0,0.0,1.27,1.12,-2.13,9003.0,
184,-0.0,0.01,-0.0,1.34,0.98,-2.23,9021.0,
185,-0.0,0.0,-0.01,1.36,1.15,-2.04,9040.0,
186,-0.01,0.0,-0.01,1.36,1.15,-2.05,9089.0,
187,-0.0,-0.0,-0.0,1.19,2.46,-2.18,9108.0,
188,0.0,-0.0,0.0,1.24,-0.15,-2.23,9127.0,
189,0.0,0.0,0.0,1.27,1.89,-2.27,9150.0,
190,0.01,-0.0,0.0,1.16,2.12,-2.24,9169.0,
191,0.0,0.01,0.0,1.27,1.5,-2.18,9188.0,
192,-0.01,-0.0,0.0,1.32,0.48,-2.49,9207.0,
193,-0.0,-0.0,-0.01,1.34,0.25,-2.34,9230.0,
194,-0.01,-0.0,-0.0,1.18,1.95,-2.14,9250.0,
195,0.01,0.0,-0.01,1.38,0.33,-2.03,9273.0,
196,0.01,-0.0,0.01,1.3,0.47,-2.1,9293.0,
197,0.0,-0.0,0.0,1.5,2.55,-2.33,9313.0,
198,-0.01,0.0,-0.01,1.27,0.05,-2.14,9332.0,
199,0.01,0.0,0.0,1.19,2.07,-2.14,9354.0,
200,-0.01,-0.0,-0.01,1.31,1.47,-1.95,9374.0,
201,0.01,0.0,-0.0,1.32,-0.72,-2.23,9393.0,
202,-0.01,-0.0,0.0,1.35,0.98,-2.21,9414.0,
203,-0.0,0.0,-0.0,1.34,1.63,-2.24,9433.0,
204,-0.01,0.0,0.0,1.21,1.5,-2.18,9452.0,
205,0.0,-0.0,0.01,1.18,2.23,-1.96,9471.0,
206,-0.01,-0.0,0.0,1.27,0.76,-2.26,9490.0,
207,-0.0,-0.01,-0.0,1.35,1.27,-2.25,9511.0,
208,-0.01,0.0,-0.01,1.23,1.76,-2.1,9534.0,
209,-0.01,-0.0,-0.01,1.34,1.44,-2.23,9564.0,
210,-0.0,-0.0,-0.0,1.25,0.83,-2.09,9582.0,
211,0.0,0.01,-0.0,1.21,1.89,-2.07,9603.0,
212,0.0,0.0,0.01,1.27,0.54,-2.31,9623.0,
213,0.0,-0.0,-0.0,1.47,1.37,-2.15,9642.0,
214,0.0,0.0,0.01,1.31,0.08,-2.46,9660.0,
215,-0.01,-0.01,-0.0,1.17,1.64,-2.16,9679.0,
216,-0.0,-0.0,0.01,1.02,1.95,-2.11,9700.0,
217,0.01,0.0,-0.01,1.32,0.78,-2.17,9719.0,
218,0.0,-0.0,0.0,1.06,0.95,-2.2,9747.0,
219,-0.0,-0.0,-0.0,1.2,1.08,-2.21,9768.0,
220,0.0,-0.0,-0.0,1.35,1.07,-2.19,9815.0,
221,-0.0,-0.0,-0.0,1.18,0.46,-2.32,9833.0,
222,0.01,0.01,0.0,1.27,1.97,-2.18,9854.0,
223,-0.0,0.0,-0.01,1.24,0.44,-2.16,9874.0,
224,0.01,0.01,-0.0,1.27,2.1,-2.1,9900.0,
225,-0.0,0.0,0.0,1.15,0.66,-2.31,9921.0,
226,-0.0,-0.01,-0.0,1.33,0.88,-2.06,9943.0,
227,-0.0,0.0,0.01,1.33,1.29,-2.25,9967.0,
228,0.0,0.01,-0.0,1.31,2.02,-2.12,9986.0,
229,-0.0,-0.01,0.0,1.31,0.82,-2.27,10006.0,
230,-0.0,0.0,-0.01,1.49,0.95,-2.15,10026.0,
231,-0.01,-0.0,-0.0,1.18,1.37,-2.08,10045.0,
232,0.0,-0.0,-0.0,1.11,0.98,-2.31,10064.0,
233,0.01,0.0,0.0,1.22,1.35,-2.32,10083.0,
234,0.02,0.0,0.01,1.42,1.05,-2.11,10103.0,
235,-0.0,0.0,-0.01,1.34,0.85,-2.1,10127.0,
236,0.01,-0.0,0.0,1.4,0.48,-2.3,10146.0,
237,-0.0,-0.0,-0.01,1.17,1.09,-1.94,10182.0,
238,0.0,0.0,0.0,1.06,3.14,-2.0,10201.0,
239,0.0,-0.0,-0.0,1.24,1.8,-2.15,10220.0,
240,-0.01,-0.0,-0.0,1.06,1.53,-2.16,10279.0,
241,-0.0,0.0,0.0,1.37,0.76,-2.27,10341.0,
242,0.01,0.0,0.0,1.12,0.05,-2.13,10360.0,
243,-0.0,-0.0,-0.0,1.31,1.69,-2.31,10377.0,
244,0.01,0.0,0.01,1.23,0.99,-2.1,10395.0,
245,0.0,-0.0,0.01,1.28,1.47,-2.37,10415.0,
246,0.01,0.0,0.01,1.28,1.08,-2.17,10435.0,
247,-0.01,-0.0,-0.0,1.39,1.01,-2.01,10453.0,
248,-0.0,-0.0,0.0,1.33,0.75,-2.05,10474.0,
249,-0.0,-0.01,0.01,1.21,0.85,-1.94,10494.0,
250,-0.01,0.01,0.0,1.41,1.34,-2.21,10512.0,
251,-0.0,-0.0,0.0,1.21,0.99,-2.07,10541.0,
252,-0.01,0.01,0.01,1.21,1.36,-2.19,10566.0,
253,0.0,0.0,-0.0,1.31,1.48,-2.24,10585.0,
254,-0.0,-0.0,-0.0,1.41,0.59,-2.11,10606.0,
255,0.0,-0.01,-0.0,1.34,0.14,-1.93,10639.0,
256,0.0,0.0,0.0,1.29,0.8,-2.01,10660.0,
257,-0.0,0.0,-0.0,1.35,1.39,-2.19,10680.0,
258,0.0,0.01,-0.01,1.24,1.83,-2.0,10698.0,
259,0.01,-0.0,0.01,1.31,1.37,-2.29,10717.0,
260,-0.0,0.0,0.0,1.33,1.56,-2.22,10746.0,
261,0.0,0.0,-0.01,1.28,1.98,-2.17,10766.0,
262,0.0,-0.0,0.0,1.4,0.43,-2.15,10786.0,
263,-0.01,-0.0,-0.01,1.49,1.54,-2.22,10819.0,
264,0.0,-0.0,-0.0,1.51,1.35,-2.1,10857.0,
265,0.01,-0.0,0.01,1.36,0.03,-2.19,10918.0,
266,0.01,0.0,-0.0,1.52,2.75,-2.47,10947.0,
267,0.01,-0.01,0.01,1.39,-0.03,-2.38,10971.0,
268,0.0,0.0,0.01,1.27,0.76,-2.21,11004.0,
269,-0.01,0.0,-0.0,1.18,1.47,-2.04,11033.0,
270,-0.0,-0.0,0.01,1.25,0.89,-2.21,11056.0,
271,-0.01,0.0,-0.02,1.48,0.9,-2.15,11075.0,
272,0.0,-0.0,-0.0,1.33,1.24,-2.23,11094.0,
273,-0.0,0.0,0.01,1.27,2.26,-2.03,11113.0,
274,0.01,-0.0,-0.0,1.43,0.26,-2.23,11135.0,
275,-0.01,-0.01,-0.0,1.26,1.27,-2.22,11154.0,
276,-0.0,-0.01,0.0,1.45,0.47,-2.02,11173.0,
277,-0.0,0.0,0.01,1.4,1.63,-2.2,11193.0,
278,0.01,0.01,0.01,1.27,1.84,-2.22,11213.0,
279,0.0,0.0,0.0,1.19,1.24,-2.29,11232.0,
280,-0.0,-0.0,-0.0,1.34,0.56,-2.24,11253.0,
281,-0.0,-0.0,-0.0,1.27,1.19,-2.08,11272.0,
282,-0.0,-0.0,0.01,1.33,-0.05,-2.26,11291.0,
283,-0.01,-0.0,-0.01,1.18,1.21,-2.32,11310.0,
284,-0.0,0.0,0.0,1.3,1.2,-2.31,11361.0,
285,0.0,0.0,0.0,1.26,1.95,-2.16,11380.0,
286,0.0,0.0,-0.0,1.21,2.44,-2.27,11399.0,
287,0.01,0.01,0.0,1.25,0.84,-2.16,11418.0,
288,0.01,-0.0,-0.0,1.4,-0.23,-2.05,11438.0,
289,-0.0,-0.0,-0.01,1.32,2.18,-1.84,11459.0,
290,-0.0,-0.0,0.01,1.31,1.22,-2.17,11480.0,
291,0.01,-0.0,-0.01,1.24,0.94,-2.05,11498.0,
292,0.01,-0.0,0.0,1.39,0.34,-2.05,11517.0,
293,0.0,0.0,0.0,1.4,0.63,-2.24,11537.0,
294,-0.0,0.0,-0.0,1.29,1.81,-2.13,11556.0,
295,-0.01,0.0,-0.0,1.44,0.97,-2.24,11575.0,
296,0.01,0.0,-0.01,1.27,1.44,-2.42,11631.0,
297,-0.01,-0.0,-0.0,1.45,1.45,-2.21,11656.0,
298,0.0,0.0,0.0,1.27,0.9,-2.44,11676.0,
299,0.0,0.01,-0.0,1.28,2.17,-2.3,11695.0,
300,0.01,0.0,0.0,1.39,0.34,-2.2,11716.0,
301,0.0,0.0,0.0,1.29,2.14,-2.11,11746.0,
302,-0.01,-0.0,0.01,1.31,0.85,-2.21,11769.0,
303,-0.01,-0.01,-0.01,1.13,0.57,-2.22,11787.0,
304,-0.0,0.0,-0.01,1.04,2.06,-2.05,11810.0,
305,0.01,-0.0,0.01,1.32,1.51,-2.32,11828.0,
306,0.0,0.0,0.0,1.27,0.73,-2.27,11848.0,
307,0.0,0.0,0.01,1.23,1.19,-2.37,11870.0,
308,-0.0,-0.0,-0.0,1.38,0.91,-2.27,11889.0,
309,-0.01,-0.0,-0.0,1.11,1.41,-2.48,11922.0,
310,-0.01,0.0,-0.01,1.16,1.73,-2.16,11941.0,
311,0.01,-0.0,0.0,1.4,1.57,-2.05,11960.0,
312,-0.01,-0.01,0.0,1.26,0.43,-2.19,11985.0,
313,0.0,0.0,0.01,1.34,1.4,-2.04,12004.0,
314,-0.0,-0.0,-0.01,1.27,1.29,-2.31,12023.0,
315,-0.0,-0.0,0.0,1.15,1.22,-2.05,12041.0,
316,-0.01,-0.0,0.01,1.27,1.08,-2.24,12061.0,
317,0.01,-0.0,0.0,1.27,1.33,-2.15,12082.0,
318,-0.01,0.0,-0.01,1.4,0.02,-2.17,12101.0,
319,-0.01,0.0,0.0,1.21,1.27,-2.35,12120.0,
320,0.0,0.01,0.0,1.05,0.73,-2.01,12144.0,
321,0.0,-0.0,-0.01,1.27,1.21,-2.12,12163.0,
322,-0.01,0.0,-0.01,1.19,0.63,-2.06,12184.0,
323,0.01,-0.0,0.0,1.3,0.9,-2.14,12203.0,
324,-0.01,-0.0,-0.0,1.35,1.61,-2.47,12221.0,
325,0.0,0.01,-0.01,1.21,1.17,-2.04,12242.0,
326,0.01,-0.0,-0.0,1.28,1.7,-2.1,12262.0,
327,0.01,0.0,-0.0,1.25,1.5,-2.15,12280.0,
328,-0.0,0.0,-0.01,1.48,0.73,-2.37,12299.0,
329,-0.01,-0.0,-0.0,1.38,-0.23,-2.43,12318.0,
330,0.0,-0.0,0.0,1.27,1.22,-2.34,12337.0,
331,0.0,-0.0,0.0,1.33,0.95,-2.16,12356.0,
332,0.0,0.01,0.01,1.16,1.04,-2.18,12375.0,
333,0.0,-0.0,-0.0,1.31,2.15,-2.23,12394.0,
334,0.0,0.0,0.0,1.33,0.09,-2.24,12412.0,
335,0.01,-0.0,0.0,1.33,0.71,-2.19,12451.0,
336,-0.01,0.0,-0.01,1.33,1.4,-2.15,12472.0,
337,-0.0,0.0,0.0,1.3,2.13,-2.4,12492.0,
338,-0.01,-0.0,-0.0,1.32,1.08,-2.28,12522.0,
339,0.0,0.0,0.0,1.3,2.57,-2.05,12543.0,
340,-0.0,-0.0,-0.0,1.36,0.6,-2.21,12567.0,
341,-0.01,-0.0,-0.0,1.39,1.63,-2.27,12586.0,
342,0.01,0.0,-0.0,1.14,1.08,-1.98,12610.0,
343,0.01,0.0,0.02,1.13,0.54,-1.98,12629.0,
344,-0.0,0.0,-0.01,1.34,1.64,-2.3,12653.0,
345,-0.0,-0.0,0.0,1.31,1.34,-2.25,12672.0,
346,0.0,-0.0,0.01,1.24,0.73,-2.13,12691.0,
347,-0.0,0.01,0.01,1.29,1.37,-2.21,12712.0,
348,-0.0,-0.0,0.0,1.24,1.32,-2.11,12730.0,
349,0.01,-0.0,0.0,1.34,0.21,-2.08,12749.0,
350,0.01,0.0,-0.0,1.08,1.57,-2.08,12776.0,
351,0.0,0.0,-0.0,1.37,0.74,-2.0,12795.0,
352,-0.0,-0.01,0.0,1.35,0.54,-2.02,12816.0,
353,-0.01,-0.0,-0.0,1.42,1.23,-2.15,12835.0,
354,-0.01,-0.0,-0.0,1.44,0.61,-2.26,12855.0,
355,-0.01,-0.0,-0.0,1.25,1.81,-2.22,12875.0,
356,0.01,0.0,0.01,1.38,1.37,-2.3,12893.0,
357,-0.0,-0.0,0.0,1.34,0.12,-2.02,12916.0,
358,0.0,0.0,0.02,1.2,1.69,-2.11,12936.0,
359,-0.0,0.01,-0.0,1.14,2.13,-2.14,12958.0,
360,0.0,0.0,0.01,1.15,1.43,-2.15,12978.0,
361,-0.0,-0.0,-0.01,1.27,-0.15,-2.19,12996.0,
362,-0.0,-0.01,-0.0,1.25,1.77,-2.11,13015.0,
363,-0.0,0.0,0.0,1.4,0.93,-2.3,13034.0,
364,0.01,0.01,0.0,1.25,1.52,-1.98,13056.0,
365,0.01,-0.0,-0.0,1.31,1.69,-2.25,13077.0,
366,-0.0,-0.0,0.0,1.42,0.45,-2.24,13098.0,
367,-0.01,-0.0,-0.01,1.31,0.76,-2.1,13117.0,
368,0.01,-0.0,0.0,1.26,1.31,-2.24,13142.0,
369,0.01,0.0,0.0,1.09,1.05,-2.11,13161.0,
370,0.0,-0.0,-0.0,1.4,1.39,-2.35,13191.0,
371,0.0,0.01,-0.0,1.15,0.85,-2.13,13209.0,
372,0.0,-0.0,0.01,1.3,0.23,-2.05,13228.0,
373,-0.0,-0.0,-0.0,1.38,1.37,-2.11,13247.0,
374,-0.0,-0.0,-0.0,1.15,1.41,-2.13,13266.0,
375,0.0,0.0,0.01,1.34,1.31,-2.26,13289.0,
376,-0.01,-0.0,-0.0,1.26,1.3,-2.2,13332.0,
377,-0.01,0.0,-0.0,1.27,1.57,-2.16,13366.0,
378,0.0,0.0,0.0,1.24,1.11,-2.39,13387.0,
379,0.01,0.0,0.01,1.18,1.34,-2.21,13405.0,
380,0.01,0.0,-0.0,1.25,1.27,-1.97,13423.0,
381,-0.0,-0.0,0.0,1.3,0.4,-2.07,13496.0,
382,-0.01,-0.0,-0.01,1.29,2.14,-2.27,13535.0,
383,-0.0,-0.0,0.01,1.23,0.44,-2.03,13555.0,
384,0.01,-0.0,0.01,1.37,1.23,-2.2,13574.0,
385,0.0,0.0,0.0,1.08,1.51,-2.31,13593.0,
386,-0.0,-0.0,-0.0,1.41,0.73,-2.15,13611.0,
387,-0.01,-0.0,0.0,1.35,-0.01,-2.27,13663.0,
388,-0.0,-0.0,-0.0,1.24,1.05,-2.05,13692.0,
389,-0.0,-0.0,-0.01,1.17,0.47,-2.09,13713.0,
390,-0.0,0.0,-0.01,1.28,2.08,-2.24,13732.0,
391,0.0,0.0,0.0,1.09,-0.4,-2.27,13751.0,
392,0.0,-0.0,0.01,1.33,1.85,-1.89,13782.0,
393,-0.0,0.0,-0.0,1.3,1.51,-2.1,13821.0,
394,0.0,-0.0,0.0,1.25,0.74,-2.21,13840.0,
395,0.01,0.0,0.0,1.32,-0.98,-2.02,13860.0,
396,0.0,-0.0,-0.0,1.12,2.13,-2.28,13879.0,
397,0.01,0.0,-0.0,1.07,0.83,-2.18,13964.0,
398,0.01,-0.0,0.0,1.14,1.31,-2.18,13991.0,
399,-0.0,0.0,-0.0,1.37,2.08,-2.34,14023.0,
400,0.0,-0.0,0.01,1.44,0.18,-2.22,14042.0,
401,-0.0,-0.01,-0.01,1.39,0.34,-2.21,14061.0,
402,-0.01,-0.0,-0.01,1.23,2.66,-2.38,14080.0,
403,0.0,-0.0,0.0,1.29,1.53,-2.02,14125.0,
404,0.0,-0.0,-0.01,1.34,0.73,-2.07,14143.0,
405,0.0,-0.0,0.0,1.41,0.3,-2.13,14162.0,
406,-0.0,0.0,0.01,1.06,2.11,-2.27,14180.0,
407,-0.01,0.0,-0.01,1.34,1.03,-2.22,14200.0,
408,0.01,0.0,0.0,1.2,1.55,-2.08,14219.0,
409,-0.0,-0.0,-0.0,1.44,1.69,-2.04,14240.0,
410,-0.01,0.0,-0.01,1.3,2.39,-2.18,14267.0,
411,0.01,0.0,0.0,1.27,-0.24,-2.24,14287.0,
412,0.0,-0.0,-0.0,1.21,2.24,-2.03,14310.0,
413,-0.01,-0.0,-0.0,1.26,0.48,-2.06,14329.0,
414,0.0,-0.0,0.0,1.47,0.64,-2.14,14350.0,
415,0.0,-0.0,0.0,1.5,1.44,-2.23,14427.0,
416,0.0,0.0,-0.0,1.32,0.7,-2.2,14447.0,
417,-0.01,0.0,-0.01,1.39,0.76,-2.09,14465.0,
418,0.0,0.0,0.01,1.44,2.63,-2.2,14484.0,
419,-0.0,0.0,-0.0,1.33,0.75,-2.08,14502.0,
420,-0.0,-0.0,0.0,1.24,1.37,-2.18,14521.0,
421,0.01,0.01,0.01,1.23,1.74,-2.2,14539.0,
422,0.0,-0.0,0.0,1.33,2.15,-2.28,14587.0,
423,0.0,0.0,-0.01,1.21,1.22,-2.21,14614.0,
424,0.0,0.0,-0.0,1.36,1.89,-2.41,14634.0,
425,0.01,-0.0,0.01,1.37,0.78,-2.18,14658.0,
426,-0.01,0.0,-0.01,1.28,1.23,-2.27,14677.0,
427,0.0,0.0,0.0,1.29,1.27,-1.85,14717.0,
428,0.01,-0.0,0.01,1.43,1.8,-2.23,14737.0,
429,-0.0,0.0,-0.0,1.35,1.3,-2.19,14794.0,
430,-0.0,-0.0,-0.01,1.4,1.54,-2.21,14815.0,
431,-0.01,0.0,-0.0,1.33,1.6,-2.11,14834.0,
432,-0.01,-0.0,0.0,1.27,0.57,-2.21,14855.0,
433,0.0,-0.0,0.01,1.33,1.08,-2.12,14872.0,
434,-0.01,-0.0,-0.0,1.36,0.84,-2.12,14890.0,
435,0.01,0.0,0.0,1.51,0.51,-2.35,14921.0,
436,0.0,-0.0,0.01,1.33,1.69,-2.27,14949.0,
437,0.0,0.0,0.0,1.32,1.56,-2.15,14967.0,
438,-0.0,-0.0,0.01,1.24,0.43,-2.02,14986.0,
439,-0.0,-0.0,0.0,1.33,1.1,-2.05,15004.0,
440,-0.0,-0.0,-0.0,1.35,0.9,-2.25,15037.0,
441,-0.0,0.0,-0.0,1.29,1.6,-2.18,15064.0,
442,0.0,0.0,-0.0,1.22,2.03,-2.24,15083.0,
443,0.0,0.0,0.0,1.26,1.59,-2.2,15101.0,
444,-0.01,0.0,-0.0,1.23,0.98,-2.17,15176.0,
445,-0.01,-0.0,-0.01,1.25,1.87,-2.43,15212.0,
446,-0.0,-0.0,0.01,1.27,1.66,-2.16,15232.0,
447,0.01,0.0,0.0,1.34,1.68,-1.98,15250.0,
448,0.01,0.0,-0.0,1.48,0.69,-2.27,15270.0,
449,0.01,0.0,-0.0,1.31,1.35,-2.15,15317.0,
450,-0.0,-0.0,-0.01,1.4,0.89,-2.32,15336.0,
451,0.01,0.0,0.0,1.34,1.14,-2.3,15354.0,
452,0.0,-0.0,-0.0,1.12,1.33,-2.22,15384.0,
453,-0.0,-0.0,0.0,1.35,0.57,-2.13,15409.0,
454,-0.0,-0.0,0.01,1.19,1.3,-1.99,15450.0,
455,-0.01,-0.0,0.0,1.26,1.07,-2.24,15525.0,
456,0.01,0.0,-0.0,1.14,1.51,-2.27,15565.0,
457,-0.0,0.0,-0.0,1.31,1.53,-2.02,15594.0,
458,-0.0,0.0,-0.0,1.11,1.74,-2.19,15612.0,
459,0.01,0.0,0.01,1.16,1.08,-2.03,15630.0,
460,0.0,-0.0,-0.0,1.24,0.85,-2.27,15664.0,
461,0.0,-0.0,0.01,1.34,1.68,-2.18,15687.0,
462,-0.01,-0.0,-0.0,1.16,2.01,-1.95,15714.0,
463,0.0,0.0,0.01,1.22,1.12,-2.2,15734.0,
464,-0.0,-0.0,-0.01,1.3,0.56,-2.41,15755.0,
465,-0.01,-0.0,-0.01,1.26,1.99,-2.22,15773.0,
466,0.01,0.0,0.0,1.22,-0.05,-2.18,15798.0,
467,0.01,0.0,0.0,1.27,1.89,-2.18,15817.0,
468,-0.01,-0.0,-0.01,1.41,0.83,-2.45,15877.0,
469,-0.0,-0.0,-0.01,1.34,1.23,-2.25,15896.0,
470,-0.0,-0.0,-0.0,1.21,0.89,-2.12,15915.0,
471,0.01,0.0,0.0,1.44,0.66,-2.08,15935.0,
472,0.01,-0.0,0.0,1.26,0.88,-2.34,15954.0,
473,0.0,-0.0,0.0,1.3,1.29,-2.19,15973.0,
474,-0.01,0.0,-0.01,1.11,1.97,-2.06,15992.0,
475,-0.0,0.0,-0.0,1.07,0.64,-2.27,16010.0,
476,0.01,0.0,0.01,1.35,1.31,-2.3,16029.0,
477,0.01,-0.0,-0.0,1.3,1.4,-2.24,16051.0,
478,0.0,0.0,0.01,1.24,0.71,-2.16,16069.0,
479,-0.0,-0.0,-0.0,1.2,1.06,-2.12,16108.0,
480,-0.0,-0.0,-0.0,1.19,1.93,-1.97,16126.0,
481,-0.0,0.0,0.01,1.23,1.44,-2.49,16144.0,
482,0.0,0.0,-0.0,1.27,1.34,-1.98,16162.0,
483,-0.01,0.01,-0.0,1.19,0.82,-2.14,16180.0,
484,-0.0,-0.0,0.02,1.23,0.69,-2.31,16199.0,
485,0.01,0.01,-0.01,1.33,3.08,-2.06,16217.0,
486,-0.01,-0.0,-0.02,1.47,-0.92,-2.02,16235.0,
487,0.01,-0.0,0.01,1.28,0.67,-2.08,16257.0,
488,-0.01,-0.0,0.01,1.07,1.74,-2.32,16276.0,
489,0.01,0.0,0.02,1.36,0.02,-2.41,16295.0,
490,-0.01,-0.0,-0.0,1.31,4.68,-2.27,16313.0,
491,-0.0,0.0,-0.01,1.34,-2.07,-2.03,16332.0,
492,0.02,0.0,0.0,1.21,0.39,-2.08,16362.0,
493,0.0,0.01,-0.0,1.21,2.32,-2.16,16380.0,
494,-0.0,-0.0,-0.01,1.38,0.02,-2.14,16399.0,
495,-0.01,-0.0,-0.0,1.31,1.77,-2.36,16442.0,
496,0.0,-0.0,-0.01,1.22,0.45,-2.3,16469.0,
497,-0.0,0.0,-0.0,1.24,2.53,-2.5,16491.0,
498,-0.0,-0.0,0.0,1.43,0.36,-2.28,16511.0,
499,0.01,-0.0,0.01,1.44,1.13,-2.18,16530.0,
500,0.01,-0.0,0.0,1.42,1.3,-2.18,16549.0,
501,-0.01,-0.0,-0.01,1.35,0.16,-2.06,16568.0,
502,-0.01,0.0,-0.01,1.4,2.18,-1.93,16587.0,
503,0.0,0.0,0.0,1.32,-0.2,-2.24,16605.0,
504,-0.01,-0.01,-0.01,1.4,1.92,-2.35,16623.0,
505,-0.01,0.0,-0.01,1.24,1.93,-2.38,16641.0,
506,0.01,0.0,-0.01,1.45,0.94,-2.16,16682.0,
507,0.01,-0.0,0.01,1.4,0.78,-2.16,16699.0,
508,0.01,-0.0,0.02,1.16,1.6,-2.2,16661.0,
509,0.0,0.0,0.01,1.26,1.11,-2.12,16717.0,
510,-0.01,-0.0,-0.01,1.29,0.24,-2.21,16736.0,
511,0.0,0.01,-0.0,1.12,1.05,-2.14,16783.0,
512,-0.0,0.0,-0.01,1.53,0.73,-2.13,16802.0,
513,-0.01,-0.0,0.01,1.31,1.49,-2.25,16820.0,
514,-0.0,0.0,0.01,1.08,1.05,-2.05,16839.0,
515,-0.01,0.0,-0.01,1.24,1.09,-2.3,16857.0,
516,0.01,0.0,0.01,1.31,1.57,-2.02,16876.0,
517,0.01,0.0,0.01,1.47,1.23,-2.03,16895.0,
518,-0.01,-0.0,-0.01,1.21,1.39,-2.0,16914.0,
519,0.01,-0.0,-0.0,1.2,1.66,-2.34,16933.0,
520,-0.01,0.01,-0.0,1.36,2.4,-2.27,16970.0,
521,-0.01,-0.0,0.0,1.12,0.89,-2.32,16989.0,
522,0.0,0.0,0.0,1.18,1.75,-2.34,17031.0,
523,0.0,0.0,-0.01,1.37,1.73,-2.2,17081.0,
524,-0.01,-0.01,-0.01,1.26,1.21,-2.09,17118.0,
525,0.01,0.0,0.01,1.37,1.79,-2.19,17159.0,
526,-0.01,0.0,-0.01,1.41,1.4,-2.16,17179.0,
527,0.01,-0.0,0.0,1.15,0.34,-2.13,17198.0,
528,-0.01,-0.0,-0.01,1.31,1.34,-2.07,17216.0,
529,-0.0,-0.0,-0.0,1.34,0.49,-2.18,17235.0,
530,-0.0,0.0,0.01,1.21,1.99,-2.2,17254.0,
531,0.0,0.0,-0.01,1.38,1.69,-2.39,17283.0,
532,0.0,-0.0,-0.0,1.33,0.09,-2.34,17303.0,
533,-0.0,-0.0,0.01,1.16,2.01,-2.21,17322.0,
534,-0.0,0.0,-0.0,1.44,1.15,-2.32,17341.0,
535,0.01,0.0,0.0,1.24,1.91,-2.12,17360.0,
536,-0.0,-0.0,-0.0,1.36,1.09,-2.34,17380.0,
537,-0.0,-0.0,-0.0,1.24,0.09,-2.24,17399.0,
538,0.0,0.0,0.0,1.37,1.66,-2.05,17417.0,
539,0.01,0.0,0.01,1.33,1.31,-2.22,17443.0,
540,0.01,-0.01,0.01,1.32,0.27,-2.05,17462.0,
541,0.01,-0.0,-0.0,1.3,1.11,-2.26,17483.0,
542,-0.0,0.0,0.01,1.4,0.55,-2.23,17502.0,
543,-0.01,-0.0,-0.01,1.37,1.43,-2.31,17521.0,
544,0.0,0.0,0.0,1.19,1.74,-2.19,17540.0,
545,0.0,-0.0,0.02,1.19,0.6,-2.06,17575.0,
546,-0.01,0.0,-0.01,1.29,1.89,-2.14,17604.0,
547,-0.0,0.0,-0.01,1.25,1.24,-2.26,17624.0,
548,-0.0,0.0,0.0,1.44,1.34,-2.24,17645.0,
549,-0.0,-0.01,0.0,1.31,0.95,-2.27,17663.0,
550,0.0,0.01,-0.0,1.27,1.1,-2.1,17692.0,
551,-0.01,0.0,0.0,1.29,0.77,-1.98,17712.0,
552,-0.0,0.0,-0.0,1.29,2.02,-2.24,17770.0,
553,0.01,0.0,0.0,1.21,1.6,-2.08,17789.0,
554,0.0,-0.0,-0.0,1.25,1.1,-2.15,17808.0,
555,-0.0,0.0,-0.01,1.28,0.73,-2.08,17826.0,
556,0.0,-0.0,-0.0,1.15,0.08,-2.27,17846.0,
557,0.01,-0.01,-0.0,1.25,1.66,-2.21,17865.0,
558,-0.0,-0.0,0.01,1.23,1.58,-2.08,17892.0,
559,-0.0,-0.01,-0.0,1.23,1.11,-2.11,17912.0,
560,-0.0,-0.01,0.0,1.15,1.13,-2.14,17933.0,
561,-0.01,0.0,-0.0,1.37,0.56,-2.08,17951.0,
562,0.0,0.0,0.0,1.4,2.62,-2.16,17972.0,
563,0.0,0.0,0.01,1.17,1.74,-2.29,17992.0,
564,0.0,-0.0,-0.0,1.29,0.22,-2.22,18012.0,
565,0.0,-0.0,-0.0,1.27,1.08,-2.3,18031.0,
566,-0.01,0.01,0.01,1.09,0.82,-2.12,18050.0,
567,-0.0,0.0,-0.0,1.16,2.4,-2.37,18070.0,
568,0.0,0.0,0.0,1.18,1.11,-2.06,18091.0,
569,0.0,0.0,0.0,1.21,0.44,-2.15,18109.0,
570,0.0,-0.0,-0.0,1.47,2.37,-2.2,18137.0,
571,0.0,-0.0,-0.0,1.33,1.05,-2.21,18156.0,
572,0.01,-0.0,0.0,1.33,0.92,-2.16,18176.0,
573,0.01,0.0,0.0,1.31,1.39,-2.24,18198.0,
574,-0.0,-0.0,-0.0,1.07,0.63,-2.22,18218.0,
575,-0.0,-0.0,-0.0,1.27,1.24,-2.05,18238.0,
576,0.01,0.0,-0.0,1.2,0.72,-2.02,18276.0,
577,0.0,0.0,0.0,1.05,2.79,-2.21,18316.0,
578,0.0,0.0,-0.0,1.39,1.25,-2.15,18338.0,
579,-0.0,-0.0,-0.0,1.44,2.8,-2.15,18357.0,
580,0.01,-0.0,0.01,1.27,0.76,-2.0,18376.0,
581,-0.01,-0.0,0.0,1.4,0.24,-2.2,18394.0,
582,-0.01,-0.0,0.0,1.32,2.31,-2.37,18412.0,
583,0.01,0.0,-0.0,1.21,0.15,-2.22,18430.0,
584,-0.01,-0.01,-0.01,1.32,0.45,-2.21,18449.0,
585,-0.01,-0.0,-0.01,1.29,3.56,-2.18,18469.0,
586,-0.0,-0.0,-0.0,1.34,0.05,-1.88,18488.0,
587,0.01,0.0,0.01,1.29,1.08,-2.15,18508.0,
588,0.0,-0.0,0.0,1.37,0.24,-2.11,18543.0,
589,0.0,-0.0,-0.0,1.16,0.93,-2.1,18562.0,
590,0.01,-0.0,0.0,1.29,1.45,-2.22,18585.0,
591,-0.0,-0.0,-0.01,1.38,2.37,-2.37,18604.0,
592,-0.0,0.0,-0.0,1.52,0.21,-2.21,18625.0,
593,-0.0,0.0,0.01,1.36,0.6,-2.22,18645.0,
594,-0.0,0.0,-0.0,1.3,2.02,-2.31,18664.0,
595,0.0,0.0,0.0,1.34,1.54,-2.18,18683.0,
596,-0.01,0.0,-0.01,1.35,1.08,-2.12,18702.0,
597,0.01,0.01,0.01,1.34,0.67,-2.32,18722.0,
598,0.01,-0.0,0.02,1.29,2.09,-2.08,18743.0,
599,0.01,0.01,0.01,1.43,1.17,-2.05,18785.0,
600,0.01,0.0,-0.0,1.32,3.28,-2.29,18807.0,
601,-0.01,-0.0,-0.01,1.35,0.21,-2.14,18826.0,
602,-0.0,-0.01,-0.01,1.47,1.91,-2.24,18845.0,
603,-0.01,-0.0,-0.0,1.28,0.85,-2.38,18864.0,
604,0.01,0.0,0.01,1.24,1.34,-2.24,18883.0,
605,0.0,-0.0,-0.01,1.34,2.41,-2.15,18904.0,
606,-0.01,-0.0,-0.02,1.27,-0.15,-2.02,18924.0,
607,0.01,-0.0,0.0,1.32,2.76,-2.16,18943.0,
608,0.01,-0.01,0.01,1.21,-0.79,-2.15,18962.0,
609,-0.01,0.0,0.0,1.24,0.95,-2.46,18981.0,
610,-0.01,-0.0,-0.01,1.11,2.59,-2.01,19000.0,
611,0.0,0.0,0.01,0.97,-0.32,-1.96,19019.0,
612,-0.0,-0.0,-0.02,1.31,3.18,-2.28,19037.0,
613,0.01,0.0,0.01,1.16,0.92,-2.37,19082.0,
614,-0.01,-0.0,-0.0,1.41,2.5,-2.15,19104.0,
615,0.0,-0.0,0.0,1.51,0.05,-2.13,19123.0,
616,0.0,-0.0,0.0,1.38,1.47,-2.09,19142.0,
617,-0.0,0.0,-0.0,1.26,0.86,-2.18,19165.0,
618,0.01,0.0,-0.0,1.09,0.94,-2.35,19184.0,
619,0.01,-0.0,-0.0,1.42,1.95,-2.12,19206.0,
620,-0.01,-0.0,-0.01,1.12,1.21,-2.29,19226.0,
621,-0.01,-0.0,-0.0,1.34,0.69,-2.37,19245.0,
622,-0.01,0.01,0.01,1.25,1.63,-2.24,19264.0,
623,0.0,-0.0,0.0,1.25,1.45,-2.18,19283.0,
624,0.0,-0.0,-0.0,1.37,1.22,-2.4,19302.0,
625,0.0,0.0,0.01,1.27,1.93,-2.29,19321.0,
626,0.0,0.0,-0.0,1.24,0.58,-2.17,19341.0,
627,0.0,-0.0,0.01,1.27,1.31,-2.25,19362.0,
628,-0.01,0.01,0.0,0.98,1.95,-2.14,19382.0,
629,-0.02,-0.0,-0.01,1.38,1.43,-2.29,19411.0,
630,0.0,0.0,0.0,1.44,0.95,-2.02,19435.0,
631,-0.0,-0.01,0.01,1.24,0.69,-2.08,19457.0,
632,-0.01,-0.01,0.0,1.26,1.15,-2.14,19475.0,
633,-0.0,-0.0,-0.01,1.42,0.34,-2.08,19494.0,
634,-0.0,0.0,0.01,1.38,1.94,-2.4,19514.0,
635,0.0,0.01,0.0,1.18,0.86,-1.96,19533.0,
636,0.0,0.01,0.0,1.2,1.63,-2.23,19552.0,
637,0.01,0.0,-0.0,1.34,1.26,-2.08,19571.0,
638,0.01,0.0,0.0,1.34,0.9,-2.21,19602.0,
639,0.0,-0.0,-0.0,1.47,1.18,-2.24,19621.0,
640,-0.01,-0.01,-0.01,1.33,0.63,-2.19,19640.0,
641,-0.0,-0.0,-0.0,1.34,0.97,-2.24,19659.0,
642,0.0,-0.0,0.0,1.2,0.45,-2.11,19689.0,
643,0.01,0.0,0.0,1.47,0.74,-1.92,19708.0,
644,-0.0,-0.0,0.0,1.31,2.4,-2.23,19749.0,
645,-0.01,-0.0,-0.01,1.25,0.96,-2.18,19768.0,
646,0.01,0.0,0.01,1.45,0.66,-2.28,19788.0,
647,0.0,-0.0,0.0,1.34,0.74,-2.28,19806.0,
648,-0.01,-0.0,-0.01,1.18,1.13,-2.23,19827.0,
649,-0.01,0.0,0.01,1.33,1.79,-2.16,19847.0,
650,0.01,0.01,0.0,1.26,0.73,-2.07,19866.0,
651,-0.0,0.0,-0.01,1.29,1.02,-2.31,19885.0,
652,0.0,-0.0,0.0,1.29,1.08,-2.33,19903.0,
653,-0.0,0.0,0.0,1.56,0.92,-2.28,19923.0,
654,-0.01,-0.0,0.01,1.27,0.8,-2.27,19942.0,
655,0.0,0.0,0.01,1.32,0.76,-2.09,19966.0,
656,0.01,0.0,-0.0,1.21,1.68,-2.08,19985.0,
657,0.01,0.0,0.0,1.43,1.15,-2.06,20005.0,
658,-0.01,-0.0,0.0,1.35,0.98,-2.15,20026.0,
659,-0.0,0.0,0.0,1.21,1.28,-2.4,20045.0,
660,0.0,0.0,-0.0,1.55,0.65,-2.19,20093.0,
661,0.0,0.0,0.01,1.27,1.31,-2.21,20113.0,
662,0.0,0.0,-0.01,1.28,1.48,-2.29,20133.0,
663,0.01,0.0,-0.0,1.44,1.02,-2.19,20153.0,
664,-0.0,-0.0,-0.0,1.24,0.61,-2.39,20190.0,
665,0.01,0.01,-0.01,1.4,1.25,-2.37,20171.0,
666,-0.01,-0.0,-0.01,1.35,1.68,-2.37,20209.0,
667,0.0,-0.0,0.0,1.33,0.05,-2.23,20228.0,
668,-0.0,-0.0,-0.01,1.09,1.89,-2.18,20248.0,
669,0.01,0.0,0.0,1.4,1.57,-2.04,20266.0,
670,-0.0,0.0,-0.0,1.24,0.93,-2.26,20285.0,
671,-0.0,-0.01,-0.0,1.44,0.7,-2.19,20304.0,
672,0.0,-0.01,0.0,1.31,0.88,-2.16,20323.0,
673,-0.01,-0.0,-0.0,1.23,0.62,-2.24,20343.0,
674,0.0,-0.0,0.01,1.23,1.33,-2.13,20382.0,
675,0.0,0.0,0.0,1.15,1.1,-2.11,20401.0,
676,0.01,-0.0,0.0,1.34,0.24,-2.19,20420.0,
677,-0.0,0.0,0.0,1.27,0.08,-1.98,20439.0,
678,0.0,-0.0,0.0,1.2,2.27,-2.13,20460.0,
679,-0.01,0.0,-0.0,1.08,1.02,-2.14,20478.0,
680,0.01,0.0,0.01,1.27,0.8,-2.4,20497.0,
681,0.0,0.0,-0.0,1.41,1.69,-2.15,20517.0,
682,-0.01,-0.0,-0.0,1.48,1.32,-2.1,20542.0,
683,-0.0,0.0,-0.0,1.34,1.21,-2.36,20562.0,
684,-0.0,0.0,-0.0,1.28,1.91,-2.04,20581.0,
685,-0.02,-0.0,-0.01,1.3,-4.4,-4.24,20624.0,
686,0.05,0.0,0.04,1.05,-7.46,-5.74,20644.0,
687,-0.03,0.02,0.0,-11.72,-7.15,-25.24,20669.0,
688,-0.01,-0.0,-0.01,-13.34,-11.3,-5.99,20688.0,
689,-0.05,0.01,-0.03,-13.51,-4.99,1.78,20706.0,
690,-0.01,0.01,0.0,-5.41,-6.16,-4.63,20726.0,
691,-0.04,-0.02,-0.04,3.08,2.57,-25.16,20746.0,
692,-0.02,0.05,0.01,-15.89,-16.25,22.15,20778.0,
693,-0.0,0.05,0.02,8.92,13.08,14.94,20797.0,
694,0.02,-0.02,0.02,26.78,-1.07,2.48,20816.0,
695,-0.03,-0.02,-0.03,12.94,10.59,1.15,20835.0,
696,0.0,0.01,0.01,3.95,3.41,-2.85,20855.0,
697,-0.0,0.02,0.01,11.6,8.41,1.1,20881.0,
698,-0.01,-0.04,-0.01,-1.51,6.06,1.42,20904.0,
699,0.01,-0.0,-0.0,6.36,3.92,4.95,20922.0,
700,-0.02,-0.0,-0.01,8.59,11.1,-2.84,20969.0,
701,0.03,-0.02,0.02,1.27,12.03,-0.76,20990.0,
702,0.02,-0.0,0.0,1.37,-6.25,-2.34,21009.0,
703,-0.02,-0.0,-0.02,1.3,1.11,-2.01,21027.0,
704,-0.01,0.0,-0.03,1.28,6.93,-1.99,21046.0,
705,0.03,-0.0,0.03,1.09,-4.21,-2.27,21066.0,
706,-0.0,0.0,-0.01,1.24,4.21,-2.21,21085.0,
707,0.01,-0.01,-0.0,1.34,-0.1,-2.07,21104.0,
708,-0.0,-0.0,-0.01,1.21,1.33,-2.27,21123.0,
709,0.01,-0.0,-0.01,1.21,2.61,-1.87,21144.0,
710,0.01,-0.0,0.01,1.26,-0.2,-2.05,21167.0,
711,0.01,0.0,0.01,1.12,1.81,-2.09,21209.0,
712,0.01,0.0,0.0,1.24,1.17,-1.98,21232.0,
713,0.0,-0.0,0.0,1.44,1.2,-2.09,21251.0,
714,-0.0,-0.0,-0.0,1.36,0.64,-2.29,21271.0,
715,0.01,-0.0,0.0,1.31,1.44,-2.17,21294.0,
716,0.01,0.01,0.01,1.28,1.67,-1.65,21313.0,
717,0.0,0.0,0.0,1.31,1.53,-1.93,21331.0,
718,0.0,-0.01,-0.0,1.33,0.76,-2.47,21350.0,
719,-0.01,0.0,0.0,1.33,0.59,-2.19,21370.0,
720,-0.0,0.0,0.0,1.36,1.53,-2.08,21390.0,
721,0.01,0.0,0.0,1.37,1.27,-2.07,21409.0,
722,0.01,-0.0,-0.0,1.31,1.97,-2.14,21427.0,
723,-0.01,-0.01,-0.01,1.28,1.76,-2.22,21454.0,
724,-0.0,-0.0,-0.01,1.18,1.96,-2.27,21475.0,
725,0.0,0.0,-0.0,1.34,1.5,-2.24,21495.0,
726,-0.0,-0.0,0.01,1.1,1.87,-1.94,21514.0,
727,0.0,0.0,-0.0,1.38,0.9,-2.01,21533.0,
728,-0.0,-0.01,0.0,1.53,2.78,-2.05,21554.0,
729,-0.0,0.0,-0.0,1.43,2.42,-2.21,21574.0,
730,0.0,0.0,0.01,1.34,1.5,-2.21,21595.0,
731,0.01,-0.0,0.0,1.37,0.88,-2.21,21614.0,
732,0.01,-0.0,0.0,1.38,0.5,-1.98,21633.0,
733,0.01,0.0,-0.0,1.52,0.65,-2.11,21651.0,
734,-0.01,-0.0,-0.01,1.36,1.19,-2.23,21670.0,
735,0.0,-0.01,0.01,1.07,1.05,-2.1,21689.0,
736,-0.01,0.0,-0.01,1.29,1.5,-2.2,21708.0,
737,0.0,0.0,0.01,1.11,2.14,-2.14,21741.0,
738,0.0,0.0,0.0,1.37,1.39,-2.07,21760.0,
739,0.01,0.0,-0.0,1.32,0.51,-2.3,21781.0,
740,0.0,-0.0,-0.0,1.2,1.46,-2.0,21866.0,
741,0.0,-0.0,-0.01,1.21,1.41,-2.26,21887.0,
742,-0.01,0.0,0.0,1.05,0.95,-2.11,21906.0,
743,0.01,0.0,0.01,1.25,1.24,-2.21,21926.0,
744,-0.0,-0.0,-0.0,1.11,1.12,-2.24,21947.0,
745,-0.01,-0.0,-0.0,1.35,0.08,-2.2,21966.0,
746,0.0,0.01,-0.0,1.27,1.36,-2.29,21988.0,
747,-0.01,-0.0,-0.0,1.15,2.02,-2.14,22007.0,
748,0.0,0.01,-0.0,1.36,1.48,-2.15,22026.0,
749,0.01,-0.0,0.01,1.29,1.08,-2.29,22045.0,
750,-0.0,0.0,-0.0,1.26,1.79,-2.4,22073.0,
751,0.01,0.0,0.01,1.41,0.73,-2.08,22096.0,
752,-0.01,-0.0,-0.0,1.37,1.03,-2.26,22115.0,
753,-0.01,-0.0,-0.0,1.31,0.22,-2.15,22134.0,
754,-0.0,0.01,0.0,1.34,1.96,-2.27,22160.0,
755,0.0,0.0,-0.0,1.47,0.84,-2.09,22179.0,
756,0.0,-0.0,-0.01,1.47,0.18,-2.11,22199.0,
757,0.0,0.01,-0.0,1.4,0.98,-2.1,22217.0,
758,-0.0,0.0,-0.01,1.24,1.5,-2.2,22236.0,
759,0.0,-0.0,0.01,1.24,1.08,-2.15,22255.0,
760,0.0,-0.0,-0.0,1.27,1.11,-2.28,22280.0,
761,0.0,-0.0,-0.0,1.31,0.95,-1.95,22301.0,
762,-0.01,-0.0,-0.01,1.21,1.93,-2.18,22339.0,
763,0.0,0.0,-0.0,1.32,1.47,-2.15,22357.0,
764,0.01,-0.0,0.01,1.37,1.43,-2.18,22376.0,
765,0.01,-0.0,0.0,1.52,1.04,-2.4,22397.0,
766,-0.01,0.01,0.0,1.26,2.08,-2.06,22422.0,
767,0.01,-0.0,-0.0,1.15,1.35,-2.11,22442.0,
768,0.01,0.0,0.0,1.3,0.8,-2.11,22462.0,
769,-0.0,-0.0,-0.01,1.29,0.44,-2.27,22481.0,
770,-0.0,0.0,0.01,1.29,1.28,-2.12,22501.0,
771,-0.0,0.0,-0.0,1.3,0.86,-1.91,22519.0,
772,-0.0,0.0,-0.0,1.27,1.06,-2.16,22538.0,
773,-0.0,0.0,0.01,1.22,1.01,-2.18,22558.0,
774,0.01,0.0,0.0,1.08,2.33,-2.01,22590.0,
775,-0.0,0.0,-0.0,1.34,0.81,-2.2,22633.0,
776,-0.01,-0.0,-0.01,1.29,1.23,-2.38,22651.0,
777,0.01,-0.01,0.0,1.3,1.16,-2.26,22674.0,
778,-0.0,-0.01,-0.0,1.25,0.76,-2.26,22695.0,
779,0.0,-0.01,-0.0,1.54,-0.37,-2.1,22715.0,
780,0.0,-0.0,0.0,1.37,2.44,-2.05,22734.0,
781,-0.01,-0.0,0.0,1.18,1.6,-2.18,22753.0,
782,0.01,0.0,0.01,1.28,0.67,-2.35,22774.0,
783,0.0,0.0,0.0,1.16,2.11,-2.3,22792.0,
784,0.0,-0.0,-0.0,1.25,0.81,-2.17,22811.0,
785,-0.0,-0.0,0.0,1.46,0.47,-2.09,22840.0,
786,-0.0,-0.0,0.01,1.31,1.21,-2.18,22859.0,
787,0.01,0.0,0.0,1.18,0.63,-1.85,22879.0,
788,-0.0,-0.0,-0.01,1.38,0.46,-2.02,22897.0,
789,0.0,0.0,-0.0,1.35,1.81,-2.11,22922.0,
790,-0.0,-0.0,0.0,1.27,1.72,-2.14,22943.0,
791,0.0,0.0,-0.01,1.37,1.77,-2.18,22962.0,
792,0.0,-0.01,-0.0,1.32,0.53,-2.07,22981.0,
793,0.0,0.0,0.01,1.15,1.25,-2.11,23001.0,
794,0.02,0.0,0.01,1.35,1.28,-2.11,23020.0,
795,-0.01,-0.0,-0.01,1.41,1.56,-2.25,23047.0,
796,-0.0,-0.0,0.0,1.44,0.85,-2.24,23068.0,
797,0.0,-0.0,-0.0,1.36,1.66,-2.31,23087.0,
798,0.01,-0.0,0.01,1.13,1.4,-2.16,23106.0,
799,-0.0,-0.0,-0.0,1.48,0.53,-2.15,23142.0,
800,-0.01,-0.0,-0.01,1.12,0.86,-2.24,23161.0,
801,-0.0,-0.0,-0.01,1.36,0.44,-2.05,23180.0,
802,0.0,-0.0,0.01,1.34,1.12,-2.31,23199.0,
803,-0.01,0.01,-0.0,1.35,2.08,-2.09,23219.0,
804,-0.0,0.0,0.0,1.47,1.0,-2.26,23238.0,
805,0.0,0.0,0.01,1.35,2.11,-2.11,23256.0,
806,0.01,0.0,0.0,1.39,0.62,-2.37,23275.0,
807,-0.0,-0.01,-0.0,1.31,1.09,-2.02,23301.0,
808,0.0,0.0,0.01,1.34,2.0,-2.18,23320.0,
809,0.0,0.01,-0.01,1.21,1.13,-2.05,23340.0,
810,0.01,-0.0,0.0,1.34,0.54,-2.34,23359.0,
811,-0.0,-0.01,-0.0,1.31,0.8,-2.21,23378.0,
812,-0.0,-0.0,-0.02,1.26,1.34,-2.3,23397.0,
813,-0.01,-0.0,0.01,1.14,1.21,-1.89,23441.0,
814,-0.01,-0.0,-0.02,1.28,0.52,-2.15,23461.0,
815,-0.01,-0.0,0.0,1.31,1.44,-2.03,23481.0,
816,-0.01,0.0,0.0,1.42,0.55,-2.24,23500.0,
817,-0.0,0.0,0.0,1.27,2.1,-2.21,23519.0,
818,-0.0,-0.01,-0.0,1.24,0.66,-2.21,23540.0,
819,0.0,0.0,0.02,1.5,1.05,-2.17,23559.0,
820,0.01,-0.0,0.0,1.24,1.53,-2.18,23577.0,
821,-0.0,-0.0,-0.0,1.33,0.53,-2.35,23596.0,
822,-0.01,0.0,0.0,1.38,1.41,-2.26,23615.0,
823,0.01,0.0,0.01,1.27,0.82,-2.14,23634.0,
824,0.0,-0.0,0.0,1.44,2.14,-2.08,23654.0,
825,0.01,0.0,0.01,1.41,1.18,-1.97,23702.0,
826,0.01,0.0,0.0,1.21,2.0,-2.21,23720.0,
827,-0.0,0.0,0.0,1.29,1.61,-2.14,23768.0,
828,0.01,0.01,-0.0,1.3,1.11,-2.34,23786.0,
829,0.01,0.0,0.0,1.29,1.44,-1.96,23811.0,
830,-0.01,-0.0,-0.01,1.37,0.86,-2.15,23832.0,
831,-0.01,0.01,-0.01,1.31,1.15,-2.22,23852.0,
832,0.01,0.01,0.0,1.29,1.76,-2.26,23871.0,
833,0.01,-0.0,0.01,1.15,0.99,-2.12,23890.0,
834,0.0,-0.0,0.0,1.32,1.13,-2.28,23909.0,
835,-0.01,-0.01,-0.0,1.14,1.38,-2.2,23928.0,
836,0.0,0.0,0.01,1.33,1.18,-2.29,23949.0,
837,-0.0,0.0,0.0,1.37,1.06,-2.27,23970.0,
838,0.01,0.0,-0.01,1.34,1.27,-2.24,23989.0,
839,-0.0,-0.01,-0.01,1.34,1.08,-2.05,24008.0,
840,-0.0,-0.01,-0.0,1.29,0.76,-2.19,24031.0,
841,0.01,-0.0,-0.0,1.2,0.7,-2.13,24057.0,
842,-0.01,-0.0,-0.01,1.53,1.18,-2.29,24075.0,
843,-0.01,0.0,0.01,1.22,1.61,-1.97,24100.0,
844,0.01,0.0,-0.0,1.18,1.82,-2.37,24119.0,
845,-0.01,-0.0,0.0,1.21,0.91,-2.09,24146.0,
846,-0.01,0.0,-0.02,1.27,2.16,-2.18,24165.0,
847,-0.0,0.0,0.0,1.31,1.33,-2.34,24184.0,
848,-0.0,-0.01,-0.0,1.35,0.89,-2.31,24227.0,
849,-0.0,-0.0,-0.01,1.38,1.36,-1.99,24208.0,
850,-0.0,-0.0,0.0,1.15,0.86,-2.28,24246.0,
851,0.0,0.0,0.01,1.37,1.44,-1.85,24268.0,
852,0.01,-0.0,0.0,1.21,0.95,-2.11,24287.0,
853,-0.0,0.0,-0.01,1.44,0.55,-2.4,24306.0,
854,0.0,0.0,-0.0,1.29,0.27,-2.36,24325.0,
855,-0.0,0.0,0.0,1.28,1.53,-1.89,24349.0,
856,-0.0,0.0,-0.0,1.21,0.74,-2.15,24369.0,
857,-0.0,0.0,-0.0,1.31,0.93,-2.21,24388.0,
858,-0.0,-0.0,0.0,1.34,0.72,-2.4,24408.0,
859,0.0,-0.01,-0.0,1.27,0.76,-2.11,24427.0,
860,0.01,-0.0,0.02,1.27,1.87,-2.15,24447.0,
861,0.0,-0.0,-0.0,1.31,1.89,-2.2,24466.0,
862,0.01,-0.0,0.0,1.4,1.2,-2.23,24486.0,
863,0.01,-0.0,-0.0,1.37,0.38,-2.16,24505.0,
864,-0.01,0.0,-0.01,1.38,1.21,-2.13,24524.0,
865,0.01,-0.0,0.0,1.27,0.38,-2.29,24553.0,
866,-0.0,-0.01,-0.01,1.16,0.69,-2.24,24573.0,
867,-0.01,0.0,-0.0,1.18,1.99,-2.25,24597.0,
868,0.01,0.0,0.0,1.32,1.03,-2.18,24616.0,
869,0.0,-0.0,0.01,1.3,0.66,-2.18,24636.0,
870,-0.0,-0.0,0.0,1.25,1.06,-2.3,24656.0,
871,-0.01,0.0,-0.0,1.21,1.13,-2.15,24675.0,
872,-0.01,-0.0,-0.0,1.15,0.8,-2.24,24694.0,
873,-0.0,0.01,0.0,1.4,1.11,-2.46,24721.0,
874,-0.01,-0.0,0.0,1.25,0.78,-2.43,24741.0,
875,-0.01,0.0,-0.0,1.35,1.47,-2.09,24761.0,
876,0.0,0.0,0.01,1.29,1.6,-2.13,24780.0,
877,-0.0,0.0,0.01,1.31,1.04,-2.09,24821.0,
878,-0.0,-0.0,-0.01,1.22,1.6,-2.25,24865.0,
879,-0.0,0.0,-0.0,1.14,0.76,-2.27,24840.0,
880,0.01,0.0,0.01,1.29,1.17,-2.05,24883.0,
881,-0.01,0.0,-0.0,1.28,2.08,-2.35,24910.0,
882,-0.0,-0.0,-0.0,1.18,1.25,-2.11,24929.0,
883,0.0,0.0,0.0,1.27,0.85,-2.22,24948.0,
884,0.02,0.0,0.0,1.21,1.31,-2.18,24967.0,
885,0.0,0.0,-0.01,1.4,1.33,-2.27,24986.0,
886,0.01,0.0,-0.01,1.35,0.69,-1.98,25012.0,
887,0.0,0.0,0.0,1.46,0.94,-2.24,25031.0,
888,-0.0,-0.0,-0.0,1.28,0.64,-1.92,25090.0,
889,0.01,-0.0,0.01,1.35,1.36,-2.24,25153.0,
890,-0.0,-0.0,-0.01,1.32,0.73,-2.04,25172.0,
891,0.01,-0.01,0.01,1.48,0.41,-2.06,25190.0,
892,-0.01,-0.01,-0.0,1.47,1.57,-2.09,25208.0,
893,-0.0,0.0,-0.0,1.22,1.34,-2.27,25226.0,
894,-0.0,-0.0,-0.01,1.41,1.82,-2.18,25243.0,
895,0.0,0.01,-0.01,1.29,2.21,-2.23,25263.0,
896,-0.01,-0.0,-0.0,1.45,0.63,-2.2,25291.0,
897,0.0,-0.0,0.01,1.35,1.43,-2.24,25309.0,
898,-0.02,-0.0,-0.0,1.34,0.84,-2.29,25327.0,
899,0.01,0.0,-0.0,1.27,1.88,-2.2,25345.0,
900,-0.0,0.0,-0.01,1.15,1.6,-2.27,25364.0,
901,0.01,0.0,-0.01,1.27,-0.29,-2.28,25384.0,
902,0.01,-0.01,0.01,1.27,2.03,-2.11,25403.0,
903,-0.01,-0.0,-0.0,1.3,0.4,-2.19,25422.0,
904,-0.02,-0.0,0.0,1.25,0.79,-2.22,25441.0,
905,0.01,-0.0,0.0,1.21,1.09,-1.92,25479.0,
906,0.01,0.01,0.01,1.24,1.98,-2.04,25498.0,
907,0.01,0.0,0.0,1.21,-0.21,-2.31,25519.0,
908,-0.0,-0.01,0.01,1.37,0.86,-2.2,25539.0,
909,-0.0,0.0,-0.0,1.41,1.32,-2.18,25558.0,
910,-0.01,-0.0,-0.01,1.14,1.79,-2.11,25577.0,
911,-0.01,0.0,0.0,1.29,1.08,-2.36,25598.0,
912,0.01,-0.0,0.0,1.32,0.5,-1.92,25617.0,
913,-0.01,-0.0,-0.01,1.36,1.58,-2.27,25641.0,
914,0.0,0.0,0.0,1.21,1.22,-2.18,25663.0,
915,0.0,0.0,0.0,1.41,0.95,-2.2,25682.0,
916,0.01,-0.0,0.01,1.48,0.48,-2.16,25701.0,
917,-0.0,-0.0,0.0,1.24,0.3,-2.14,25720.0,
918,-0.01,0.0,0.0,1.15,0.86,-2.09,25738.0,
919,-0.01,-0.01,0.01,1.24,1.23,-2.11,25757.0,
920,-0.01,-0.0,-0.01,1.26,2.42,-2.33,25777.0,
921,0.0,0.0,-0.0,1.29,1.8,-2.21,25797.0,
922,0.01,-0.0,0.01,1.37,1.21,-2.14,25815.0,
923,0.01,0.0,0.01,1.25,0.6,-2.12,25834.0,
924,-0.02,0.0,-0.01,1.28,0.25,-2.21,25853.0,
925,0.0,0.0,0.01,1.39,1.2,-2.09,25901.0,
926,0.0,0.0,-0.0,1.32,0.92,-2.34,25920.0,
927,-0.0,-0.0,-0.0,1.27,0.89,-2.28,25940.0,
928,0.0,0.0,-0.0,1.49,1.54,-2.21,25959.0,
929,0.01,0.01,-0.01,1.34,0.93,-2.09,25979.0,
930,0.0,-0.0,0.01,1.27,0.68,-2.26,26000.0,
931,-0.01,0.0,-0.0,1.49,1.36,-2.21,26022.0,
932,-0.01,-0.0,-0.01,1.33,1.74,-2.12,26041.0,
933,0.0,0.0,0.01,1.31,1.12,-2.15,26060.0,
934,0.01,0.01,0.0,1.27,1.71,-2.36,26079.0,
935,-0.0,-0.0,0.0,1.31,0.73,-2.16,26100.0,
936,-0.01,-0.0,-0.0,1.29,0.72,-2.22,26121.0,
937,-0.0,-0.0,0.0,1.12,0.39,-2.18,26140.0,
938,0.0,-0.0,0.01,1.21,1.88,-1.91,26158.0,
939,0.01,0.01,0.01,1.34,1.42,-2.27,26179.0,
940,-0.0,-0.0,0.01,1.23,1.22,-2.2,26200.0,
941,-0.0,-0.0,-0.01,1.11,1.92,-2.13,26224.0,
942,-0.0,-0.0,-0.01,1.18,2.02,-2.21,26243.0,
943,0.01,0.0,0.0,1.22,1.35,-2.14,26262.0,
944,0.01,-0.0,-0.0,1.2,1.0,-2.22,26281.0,
945,-0.0,-0.0,-0.0,1.44,0.97,-2.26,26300.0,
946,-0.01,-0.0,-0.01,1.13,0.93,-2.27,26319.0,
947,-0.0,0.0,0.0,1.24,1.77,-2.09,26338.0,
948,0.0,0.01,-0.01,1.28,2.04,-2.21,26357.0,
949,0.0,-0.0,0.01,1.22,1.6,-2.2,26378.0,
950,-0.01,0.01,0.0,1.39,1.02,-2.18,26399.0,
951,0.01,0.0,-0.0,1.27,2.25,-2.08,26426.0,
952,0.0,-0.0,0.01,1.19,1.83,-2.14,26445.0,
953,-0.0,-0.01,-0.01,1.25,1.08,-2.3,26471.0,
954,0.0,0.0,0.01,1.18,1.37,-2.23,26493.0,
955,0.0,-0.0,-0.0,1.34,1.09,-2.18,26513.0,
956,-0.0,0.0,-0.0,1.31,0.94,-2.31,26531.0,
957,-0.01,0.0,0.0,1.47,0.76,-2.32,26551.0,
958,0.01,-0.0,0.01,1.36,1.15,-2.06,26570.0,
959,0.0,-0.0,-0.01,1.28,1.68,-2.21,26590.0,
960,0.0,0.0,-0.0,1.44,2.31,-2.25,26613.0,
961,-0.0,-0.0,0.0,1.38,0.02,-2.42,26632.0,
962,0.0,0.0,-0.0,1.36,1.98,-2.34,26654.0,
963,-0.0,0.0,0.01,1.27,1.53,-2.17,26673.0,
964,0.01,0.0,-0.01,1.37,1.1,-2.34,26695.0,
965,0.01,0.0,0.0,1.18,0.59,-2.25,26716.0,
966,-0.01,-0.0,0.0,1.28,0.53,-2.01,26737.0,
967,-0.0,-0.0,0.0,1.29,2.1,-2.33,26756.0,
968,0.0,0.0,-0.0,1.23,1.28,-2.33,26774.0,
969,-0.01,-0.0,0.0,1.26,0.92,-2.15,26801.0,
970,-0.01,-0.0,-0.01,1.28,1.44,-2.18,26821.0,
971,0.0,-0.0,-0.0,1.24,1.11,-2.13,26859.0,
972,-0.0,-0.01,-0.01,1.21,1.14,-2.47,26883.0,
973,-0.01,-0.01,-0.0,1.27,1.07,-2.21,26915.0,
974,0.0,-0.0,0.01,1.4,0.87,-1.94,26948.0,
975,-0.0,-0.0,-0.0,1.39,0.98,-2.18,26969.0,
976,-0.01,0.0,-0.01,1.34,2.47,-2.05,26989.0,
977,0.0,0.0,-0.0,1.44,0.18,-2.09,27017.0,
978,0.0,0.0,0.01,1.37,1.86,-2.11,27038.0,
979,0.0,0.0,0.01,1.44,1.79,-2.3,27058.0,
980,-0.0,0.01,0.0,1.39,1.72,-2.03,27077.0,
981,0.01,-0.0,-0.01,1.31,0.63,-2.24,27096.0,
982,0.01,-0.0,-0.0,1.24,0.55,-2.11,27115.0,
983,-0.01,0.0,-0.0,1.24,0.85,-2.47,27134.0,
984,-0.01,0.01,-0.01,1.23,0.53,-2.06,27152.0,
985,0.0,0.0,0.01,1.31,1.52,-2.02,27171.0,
986,0.01,-0.0,0.0,1.23,0.73,-2.17,27190.0,
987,0.02,0.0,0.0,1.28,1.29,-2.34,27210.0,
988,-0.0,-0.01,-0.0,1.34,2.66,-2.24,27233.0,
989,-0.01,-0.0,-0.0,1.35,0.44,-2.08,27262.0,
990,0.0,0.0,-0.01,1.19,-0.31,-2.08,27281.0,
991,0.0,-0.01,0.01,1.31,1.44,-2.5,27300.0,
992,-0.01,0.0,0.0,1.37,2.82,-2.28,27322.0,
993,-0.01,0.0,-0.01,1.32,0.86,-2.15,27351.0,
994,0.01,-0.0,0.01,1.31,1.59,-2.03,27376.0,
995,-0.01,0.0,0.0,1.2,0.85,-2.18,27396.0,
996,-0.01,-0.0,-0.01,1.14,1.25,-2.15,27415.0,
997,0.0,0.01,-0.0,1.27,1.05,-2.02,27434.0,
998,-0.0,0.0,0.0,1.16,1.53,-2.13,27453.0,
999,0.01,0.0,0.0,1.06,1.73,-2.11,27472.0,
1000,0.01,-0.0,0.0,1.22,1.22,-2.02,27491.0,
1001,-0.0,0.0,0.01,1.27,0.93,-2.18,27510.0,
1002,-0.0,0.0,0.01,1.35,1.51,-1.88,27535.0,
1003,-0.0,-0.0,-0.0,1.21,2.15,-2.37,27554.0,
1004,-0.01,0.0,-0.0,1.22,1.6,-2.05,27574.0,
1005,0.01,0.0,-0.0,1.19,0.28,-2.04,27617.0,
1006,0.01,0.0,0.0,1.15,0.93,-2.19,27637.0,
1007,0.0,0.01,0.0,1.05,1.63,-2.21,27656.0,
1008,0.01,-0.01,-0.01,1.27,1.93,-2.22,27675.0,
1009,0.01,0.0,0.02,1.23,0.69,-2.23,27696.0,
1010,0.0,0.0,0.01,1.23,1.85,-2.09,27757.0,
1011,0.0,0.0,-0.01,1.28,1.39,-2.24,27776.0,
1012,-0.01,-0.0,-0.0,1.38,0.77,-2.21,27797.0,
1013,-0.0,0.0,0.0,1.27,1.31,-2.24,27815.0,
1014,-0.01,-0.0,-0.0,1.34,1.9,-2.41,27886.0,
1015,0.01,-0.0,-0.0,1.24,1.71,-2.21,27905.0,
1016,0.01,0.0,0.0,1.25,0.85,-2.18,27925.0,
1017,-0.01,0.0,-0.0,1.31,0.17,-2.36,27948.0,
1018,0.0,-0.01,-0.0,1.22,0.69,-2.11,27979.0,
1019,-0.0,-0.0,0.0,1.35,1.24,-2.17,28007.0,
1020,-0.0,-0.0,-0.01,1.16,1.15,-2.05,28064.0,
1021,-0.01,-0.0,-0.01,1.23,1.61,-2.37,28083.0,
1022,-0.0,-0.0,-0.01,1.34,2.24,-2.29,28112.0,
1023,0.0,0.0,0.0,1.32,2.23,-2.22,28134.0,
1024,-0.0,-0.0,-0.01,1.34,1.74,-2.19,28176.0,
1025,-0.0,0.0,-0.0,1.3,1.53,-2.05,28220.0,
1026,0.0,0.0,-0.0,1.05,1.44,-2.26,28252.0,
1027,-0.0,-0.0,0.02,1.25,1.34,-2.04,28270.0,
1028,-0.01,0.0,0.0,1.28,1.45,-2.3,28345.0,
1029,-0.02,0.0,-0.02,1.33,1.41,-2.05,28364.0,
1030,0.0,-0.0,0.01,1.26,1.75,-2.27,28386.0,
1031,0.0,0.0,0.01,1.21,1.12,-2.03,28404.0,
1032,0.0,-0.0,0.01,1.29,0.54,-2.37,28422.0,
1033,-0.0,-0.0,0.0,1.37,1.35,-2.39,28444.0,
1034,-0.01,-0.01,-0.0,1.42,0.9,-2.27,28462.0,
1035,0.0,0.0,0.0,1.31,1.37,-2.11,28522.0,
1036,-0.0,0.0,0.0,1.43,1.56,-2.22,28558.0,
1037,-0.0,-0.01,0.0,1.31,1.24,-2.4,28578.0,
1038,-0.01,0.0,-0.01,1.27,1.58,-2.43,28599.0,
1039,0.01,0.01,0.0,1.23,2.3,-1.96,28634.0,
1040,0.01,0.0,0.01,1.4,1.62,-2.14,28671.0,
1041,-0.0,0.0,-0.01,1.4,0.75,-2.18,28695.0,
1042,0.0,-0.0,0.0,1.32,0.93,-2.34,28713.0,
1043,-0.01,-0.0,0.0,1.23,1.63,-2.2,28731.0,
1044,0.01,0.0,-0.01,1.31,1.56,-2.24,28822.0,
1045,0.01,-0.0,0.0,1.14,-0.03,-2.2,28840.0,
1046,0.0,-0.0,0.0,1.18,0.73,-2.15,28860.0,
1047,-0.0,-0.0,0.0,1.32,1.49,-2.19,28881.0,
1048,0.0,0.0,-0.01,1.31,2.36,-2.48,28901.0,
1049,0.0,-0.0,-0.0,1.31,1.44,-2.11,28920.0,
1050,0.01,-0.0,0.01,1.52,0.21,-2.13,28973.0,
1051,-0.0,-0.0,0.01,1.32,0.67,-2.05,28992.0,
1052,-0.0,-0.01,-0.01,1.16,1.21,-1.99,29014.0,
1053,-0.0,0.0,-0.0,1.22,2.18,-2.23,29032.0,
1054,-0.0,0.0,-0.0,1.23,-0.09,-2.32,29052.0,
1055,0.01,0.0,-0.01,1.38,-0.01,-2.12,29091.0,
1056,-0.01,0.0,-0.01,1.37,1.01,-2.31,29110.0,
1057,-0.0,-0.0,0.01,1.18,0.91,-2.06,29148.0,
1058,0.0,0.0,-0.0,1.19,2.85,-2.01,29167.0,
1059,0.0,-0.01,0.0,1.18,1.21,-2.12,29187.0,
1060,0.0,0.0,0.0,1.26,1.2,-2.29,29211.0,
1061,-0.0,0.0,-0.0,1.27,1.09,-2.01,29230.0,
1062,-0.0,0.0,0.0,1.37,1.4,-2.07,29249.0,
1063,-0.0,-0.0,-0.01,1.15,0.73,-2.38,29274.0,
1064,0.0,0.01,0.01,1.47,0.98,-2.27,29295.0,
1065,-0.0,-0.0,-0.0,1.41,1.77,-2.27,29388.0,
1066,0.01,0.0,0.0,1.25,0.25,-2.29,29406.0,
1067,0.01,-0.0,-0.0,1.35,1.18,-2.37,29425.0,
1068,0.0,-0.01,-0.0,1.34,1.58,-2.25,29443.0,
1069,-0.0,0.0,0.0,1.24,1.87,-2.21,29465.0,
1070,0.0,0.01,0.0,1.19,0.84,-2.35,29484.0,
1071,0.0,0.0,0.02,1.22,1.5,-2.42,29502.0,
1072,-0.02,0.01,-0.01,1.34,1.31,-2.61,29530.0,
1073,0.0,-0.01,0.0,1.31,0.47,-2.53,29591.0,
1074,-0.01,-0.01,0.0,1.4,2.19,-2.73,29610.0,
1075,-0.01,-0.0,0.0,1.31,0.54,-3.11,29629.0,
1076,0.01,0.0,-0.01,1.26,0.84,-2.38,29647.0,
1077,0.01,0.0,0.0,1.21,2.63,-2.28,29667.0,
1078,0.0,0.0,0.0,1.19,2.08,-2.47,29702.0,
1079,-0.02,-0.02,-0.01,1.4,-1.89,-2.84,29723.0,
1080,0.01,0.0,0.01,1.31,0.36,-2.42,29780.0,
1081,0.0,-0.0,0.01,1.39,2.42,-2.22,29842.0,
1082,-0.0,0.0,-0.0,1.27,0.92,-2.48,29862.0,
1083,0.02,0.0,0.0,1.27,-0.29,-2.13,29881.0,
1084,0.0,0.0,0.0,1.34,-1.47,-2.25,29899.0,
1085,-0.01,0.0,-0.01,1.37,1.61,-1.97,29917.0,
1086,-0.01,-0.01,-0.01,1.4,-1.67,-1.98,29953.0,
1087,0.0,-0.0,-0.0,1.35,4.51,-2.43,29975.0,
1088,-0.0,-0.0,-0.0,1.31,0.15,-2.53,29996.0,
1089,-0.01,-0.0,-0.01,1.49,0.56,-2.29,30022.0,
1090,-0.01,0.0,0.01,1.21,2.26,-0.02,30047.0,
