21992.31310, 3,  -0.078,  0.118, 10.277, 5,   3.513,-37.816,-15.915
21992.33324, 3,  -0.039,  0.118, 10.258, 5,   3.513,-36.420,-15.236, 82,   0.020,  0.018, -0.010
21992.35360, 3,  -0.039,  0.177, 10.317, 4,  -0.174,  0.002,  0.002, 5,   2.817,-37.816,-14.217, 82,   0.013,  0.064,  0.032
21992.37350, 3,  -0.059,  0.118, 10.297, 4,  -0.003, -0.001,  0.008, 5,   1.772,-37.468,-13.536
21992.39367, 3,  -0.059,  0.137, 10.336, 4,  -0.003,  0.001,  0.002, 5,   4.034,-38.341,-13.707, 82,  -0.004,  0.019,  0.039
21992.41384, 3,  -0.059,  0.078, 10.277, 4,   0.000,  0.001,  0.002, 5,   3.513,-37.468,-16.595
21992.43395, 3,  -0.078,  0.078, 10.258, 4,   0.002,  0.004,  0.002, 5,   3.687,-36.594,-15.746, 82,  -0.003, -0.033, -0.016
21992.45409, 3,  -0.059,  0.118, 10.297, 4,  -0.006,  0.001,  0.002, 5,   1.424,-37.816,-14.557, 82,  -0.019, -0.028, -0.031
21992.47546, 3,  -0.059,  0.137, 10.317, 4,   0.000,  0.003, -0.002, 5,   2.643,-36.943,-15.067, 82,   0.001,  0.010,  0.007
21992.49438, 3,  -0.098,  0.137, 10.317, 4,   0.002,  0.001, -0.009, 5,   1.250,-36.594,-13.707, 82,  -0.034,  0.023,  0.022
21992.51455, 3,  -0.078,  0.177, 10.356, 4,   0.000,  0.001,  0.000, 5,   2.469,-36.769,-12.857
21992.53469, 3,  -0.098,  0.039, 10.317, 4,  -0.003, -0.002, -0.002, 5,   2.295,-37.292,-14.726, 82,  -0.013,  0.057,  0.055
21992.55480, 3,  -0.137,  0.118, 10.375, 4,   0.011, -0.004,  0.000, 5,   3.165,-36.420,-14.896, 82,  -0.031, -0.074,  0.015
21992.57497, 3,  -0.118,  0.216, 10.395, 4,   0.004, -0.003,  0.000, 5,   2.295,-36.943,-14.047, 82,  -0.065,  0.002,  0.068
21992.59508, 3,  -0.059,  0.098, 10.336, 4,   0.024, -0.004,  0.003, 5,   1.945,-37.642,-15.746, 82,   0.015, -0.028,  0.021
21992.61523, 3,  -0.059,  0.137, 10.258, 4,   0.004,  0.012,  0.003, 5,   3.513,-36.420,-15.236, 82,   0.016,  0.009, -0.054
21992.63540, 3,  -0.078,  0.157, 10.238, 4,   0.009,  0.003,  0.000, 5,   2.295,-38.690,-14.047
21992.65554, 3,  -0.078,  0.118, 10.219, 4,  -0.003,  0.002,  0.003, 5,   2.121,-36.420,-13.876, 82,  -0.003,  0.027, -0.069
21992.67565, 3,  -0.098,  0.118, 10.297, 4,  -0.012,  0.002, -0.005, 5,   2.469,-36.420,-13.876, 82,  -0.003, -0.010, -0.084
21992.69582, 3,  -0.039,  0.118, 10.238, 4,  -0.012,  0.005,  0.002, 5,   3.513,-36.420,-15.915, 82,  -0.020, -0.008, -0.005
21992.71593, 3,  -0.059,  0.118, 10.238, 4,  -0.004,  0.002, -0.003, 5,   2.991,-35.547,-14.726, 82,   0.037, -0.006, -0.061
21992.73608, 3,  -0.098,  0.098, 10.277, 4,  -0.009, -0.001, -0.002, 5,   4.382,-36.244,-14.386, 82,  -0.021, -0.021, -0.018
21992.75622, 3,  -0.137,  0.078, 10.219, 4,  -0.006,  0.003, -0.001, 5,   3.339,-35.896,-15.405
21992.77639, 3,  -0.098,  0.059, 10.199, 4,   0.003,  0.004, -0.002, 5,   2.817,-37.468,-15.915, 82,  -0.017, -0.056, -0.089
21992.79650, 3,  -0.078,  0.059, 10.277, 4,  -0.001, -0.002,  0.004, 5,   1.598,-37.292,-15.746
21992.81667, 3,  -0.098,  0.118, 10.277, 4,   0.004,  0.002, -0.002, 5,   2.817,-37.119,-15.576, 82,   0.003, -0.054, -0.010
21992.83678, 3,  -0.118,  0.098, 10.356, 4,   0.002,  0.001,  0.003, 5,   2.295,-36.244,-15.067, 82,  -0.016,  0.004, -0.010
21992.85757, 3,  -0.118,  0.098, 10.317, 4,   0.004, -0.002,  0.002, 5,   1.598,-37.642,-15.405, 82,  -0.033, -0.015,  0.026
21992.87704, 3,  -0.098,  0.078, 10.258, 4,  -0.002, -0.001,  0.002, 5,   1.424,-37.816,-14.217, 82,  -0.014, -0.033, -0.032
21992.89721, 3,  -0.118,  0.118, 10.277, 4,  -0.003, -0.002,  0.003, 5,   1.945,-36.244,-13.367
21992.91735, 3,  -0.157,  0.098, 10.258, 4,  -0.006,  0.003, -0.001, 5,   1.945,-36.943,-15.746, 82,  -0.032,  0.007, -0.012
21992.93749, 3,  -0.078,  0.059, 10.277, 4,  -0.006,  0.002,  0.003, 5,   1.945,-36.244,-13.707, 82,  -0.068, -0.011, -0.030
21992.95763, 3,  -0.059,  0.020, 10.219, 4,  -0.008,  0.002, -0.001, 5,   4.382,-37.991,-14.726, 82,   0.010, -0.048, -0.010
21992.97777, 3,  -0.059,  0.098, 10.317, 4,  -0.001, -0.006,  0.003, 5,   3.860,-37.816,-14.896, 82,   0.028, -0.083, -0.067
21992.99789, 3,  -0.039,  0.078, 10.238, 4,  -0.006,  0.003, -0.003, 5,   2.817,-36.769,-14.557, 82,   0.027, -0.004,  0.030
21993.01806, 3,  -0.039,  0.078, 10.258, 4,  -0.004, -0.001, -0.006, 5,   1.945,-37.991,-13.707, 82,   0.045, -0.022, -0.047
21993.03820, 3,  -0.039,  0.078, 10.297, 4,  -0.006, -0.001,  0.005, 5,   2.643,-36.594,-14.047
21993.05837, 3,  -0.039,  0.118, 10.258, 4,  -0.003, -0.002, -0.002, 5,   2.991,-36.943,-14.047, 82,   0.042, -0.018,  0.013
21993.07848, 3,   0.000,  0.118, 10.219, 4,   0.000, -0.003, -0.006, 5,   1.076,-37.119,-14.896, 82,   0.040,  0.021, -0.026
21993.09865, 3,  -0.020,  0.157, 10.297, 4,  -0.002,  0.002, -0.003, 5,   3.339,-36.943,-14.047, 82,   0.077,  0.020, -0.063
21993.11877, 3,   0.000,  0.118, 10.258, 4,   0.000,  0.005,  0.004, 5,   1.598,-37.292,-15.405, 82,   0.056,  0.057,  0.015
21993.13894, 3,   0.020,  0.118, 10.277, 4,  -0.004,  0.003, -0.001, 5,   2.643,-37.991,-15.746, 82,   0.090,  0.017, -0.004
21993.15905, 3,  -0.039,  0.137, 10.277, 4,   0.004, -0.001,  0.005, 5,   3.687,-37.991,-13.707
21993.17919, 3,  -0.020,  0.118, 10.317, 4,  -0.002,  0.001, -0.003, 5,   2.121,-36.769,-14.557, 82,   0.049,  0.015,  0.035
21993.19936, 3,  -0.039,  0.078, 10.160, 4,   0.003,  0.002,  0.003, 5,   4.208,-36.070,-15.576
21993.21947, 3,  -0.020,  0.098, 10.258, 4,   0.002, -0.004, -0.001, 5,   2.991,-36.594,-13.707, 82,   0.028, -0.024, -0.118
21993.23977, 3,  -0.020,  0.039, 10.219, 4,   0.002,  0.001,  0.002, 5,   2.991,-37.642,-14.726, 82,   0.044, -0.061, -0.057
21993.25976, 3,  -0.039,  0.078, 10.238, 4,   0.003, -0.001,  0.003, 5,   2.991,-36.594,-15.746
21993.27990, 3,   0.000,  0.039, 10.258, 4,   0.004, -0.004,  0.002, 5,   1.598,-36.244,-14.386, 82,   0.059, -0.060, -0.016
21993.30007, 3,   0.020,  0.059, 10.219, 4,   0.000, -0.003,  0.000, 5,   2.991,-36.244,-13.707
21993.32018, 3,  -0.020,  0.078, 10.297, 4,   0.005,  0.001,  0.004, 5,   1.424,-36.420,-13.876, 82,   0.076, -0.039, -0.053
21993.34035, 3,  -0.078,  0.098, 10.219, 4,   0.002, -0.002, -0.003, 5,   2.643,-37.642,-14.386, 82,   0.036, -0.020,  0.024
21993.36172, 3,  -0.039,  0.118, 10.258, 4,  -0.002,  0.002, -0.001, 5,   1.772,-37.119,-14.557, 82,  -0.023, -0.000, -0.052
21993.38061, 3,  -0.059,  0.059, 10.258, 4,  -0.004, -0.003,  0.000, 5,   2.643,-37.292,-14.386, 82,   0.016,  0.019, -0.013
21993.40078, 3,  -0.059,  0.118, 10.238, 4,  -0.002,  0.003,  0.003, 5,   2.643,-35.896,-15.746, 82,  -0.003,  0.020, -0.031
21993.42092, 3,  -0.059,  0.137, 10.238, 4,   0.007,  0.003, -0.003, 5,   2.643,-36.244,-15.405
21993.44103, 3,  -0.059,  0.137, 10.258, 4,   0.008,  0.004, -0.001, 5,   1.424,-36.420,-13.876, 82,  -0.002,  0.037, -0.030
21993.46120, 3,  -0.098,  0.137, 10.297, 4,   0.005, -0.003,  0.002, 5,   2.121,-36.769,-15.236, 82,  -0.002,  0.035, -0.010
21993.48135, 3,  -0.039,  0.078, 10.317, 4,  -0.002, -0.003,  0.002, 5,   1.772,-36.769,-14.896, 82,  -0.040,  0.033,  0.029
21993.50146, 3,  -0.039,  0.118, 10.317, 4,  -0.003, -0.002,  0.003, 5,   1.598,-35.547,-13.707, 82,   0.017,  0.015,  0.045
21993.52163, 3,  -0.059,  0.137, 10.297, 4,  -0.001,  0.002, -0.003, 5,   2.817,-37.119,-15.915, 82,  -0.002,  0.033,  0.025
21993.54177, 3,  -0.098,  0.137, 10.317, 4,  -0.001,  0.002, -0.001, 5,   3.513,-36.420,-14.557, 82,  -0.040,  0.032,  0.043
21993.56188, 3,  -0.118,  0.118, 10.277, 4,   0.003,  0.003,  0.004, 5,   1.772,-37.468,-14.896, 82,  -0.057,  0.011,  0.003
21993.58202, 3,  -0.078,  0.137, 10.238, 4,   0.003,  0.002, -0.003, 5,   3.165,-37.468,-13.876
21993.60216, 3,  -0.078,  0.098, 10.297, 4,   0.002, -0.001, -0.007, 5,   3.513,-37.468,-14.217, 82,  -0.017,  0.030, -0.035
21993.62227, 3,  -0.059,  0.059, 10.297, 4,   0.000,  0.001,  0.003, 5,   4.556,-36.420,-14.217, 82,  -0.016, -0.010,  0.023
21993.64248, 3,  -0.098,  0.020, 10.317, 4,   0.000, -0.002,  0.000, 5,   2.817,-36.420,-15.576, 82,  -0.035, -0.084,  0.041
21993.66259, 3,  -0.098,  0.059, 10.297, 4,   0.000, -0.002,  0.002, 5,   2.121,-37.468,-15.915
21993.68273, 3,  -0.059,  0.020, 10.317, 4,  -0.001,  0.002, -0.005, 5,   3.687,-37.292,-15.746, 82,  -0.034, -0.043,  0.020
21993.70290, 3,   0.000,  0.059, 10.297, 4,   0.002,  0.001,  0.000, 5,   2.817,-36.420,-14.896, 82,   0.005, -0.080,  0.039
21993.72301, 3,  -0.039,  0.078, 10.317, 4,   0.003,  0.002,  0.000, 5,   3.687,-36.594,-12.347, 82,   0.062, -0.039,  0.018
21993.74367, 3,  -0.020,  0.078, 10.317, 4,   0.007,  0.008,  0.000, 5,   3.339,-37.642,-16.086, 82,   0.023, -0.020,  0.037
21993.76329, 3,  -0.098,  0.078, 10.317, 4,   0.002, -0.003,  0.000, 5,   3.687,-38.341,-13.367, 82,   0.042, -0.020,  0.036
21993.78344, 3,  -0.098,  0.098, 10.317, 4,   0.000,  0.001,  0.000, 5,   3.165,-36.769,-12.857, 82,  -0.034, -0.000,  0.033
21993.80358, 3,  -0.039,  0.098, 10.277, 4,   0.000,  0.002,  0.002, 5,   3.860,-37.468,-14.896
21993.82375, 3,   0.000,  0.118, 10.277, 4,  -0.001, -0.002,  0.002, 5,   2.817,-37.816,-13.876, 82,   0.024, -0.000, -0.006
21993.84386, 3,  -0.059,  0.118, 10.238, 4,   0.002,  0.004,  0.002, 5,   0.728,-36.070,-14.217, 82,   0.061,  0.019, -0.006
21993.86403, 3,  -0.059,  0.118, 10.277, 4,  -0.003, -0.002,  0.002, 5,   2.817,-35.721,-15.236, 82,   0.002,  0.018, -0.004
21993.88414, 3,  -0.098,  0.137, 10.258, 4,  -0.004,  0.001, -0.005, 5,   1.945,-37.991,-14.047, 82,  -0.036,  0.037, -0.023
21993.90432, 3,  -0.078,  0.078, 10.277, 4,  -0.002, -0.003,  0.003, 5,   2.121,-37.119,-13.536
21993.92443, 3,  -0.059,  0.098, 10.258, 4,  -0.002,  0.004, -0.002, 5,   2.817,-37.816,-13.876, 82,  -0.016, -0.020, -0.003
21993.94460, 3,  -0.059,  0.078, 10.238, 4,   0.005, -0.002, -0.003, 5,   2.121,-38.165,-13.536, 82,   0.003, -0.021, -0.040
21993.96471, 3,  -0.059,  0.059, 10.219, 4,  -0.001, -0.003,  0.002, 5,   2.121,-37.468,-14.557
21993.98488, 3,  -0.020,  0.039, 10.258, 4,  -0.001, -0.001, -0.003, 5,   4.556,-36.769,-14.896, 82,   0.003, -0.039, -0.058
21994.00499, 3,  -0.020,  0.078, 10.219, 4,  -0.006, -0.004,  0.002, 5,   3.860,-37.816,-14.557, 82,   0.040, -0.056, -0.018
21994.02517, 3,  -0.059,  0.098, 10.219, 4,  -0.004, -0.003, -0.001, 5,   1.945,-35.547,-14.386, 82,   0.038, -0.015, -0.055
21994.04531, 3,  -0.059,  0.059, 10.219, 4,  -0.006, -0.003, -0.002, 5,   2.469,-37.468,-14.557, 82,  -0.002,  0.006, -0.053
21994.06545, 3,  -0.020,  0.039, 10.238, 4,   0.002,  0.003, -0.001, 5,   1.772,-37.119,-13.197, 82,  -0.002, -0.032, -0.052
21994.08556, 3,  -0.020,  0.098, 10.258, 4,   0.005, -0.001, -0.007, 5,   2.295,-35.896,-14.047, 82,   0.036, -0.051, -0.031
21994.10567, 3,  -0.020,  0.059, 10.434, 4,   0.007, -0.001, -0.003, 5,   1.250,-36.244,-15.067, 82,   0.035,  0.007, -0.011
21994.12581, 3,  -0.078,  0.078, 10.356, 4,   0.000, -0.004,  0.004, 5,   4.034,-37.292,-15.067, 82,   0.033, -0.032,  0.160
21994.14595, 3,  -0.098,  0.098, 10.434, 4,   0.003,  0.073,  0.002, 5,   1.424,-37.816,-13.197, 82,  -0.015,  0.003,  0.152
21994.16613, 3,  -0.157,  0.137, 10.258, 4,   0.031,  0.135,  0.002, 5,   2.991,-37.642,-15.405
21994.18627, 3,  -0.216,  0.137, 10.160, 4,   0.070,  0.211,  0.002, 5,   1.945,-35.896,-16.765, 82,  -0.058,  0.013, -0.116
21994.20638, 3,  -0.216,  0.118, 10.140, 4,   0.099,  0.137, -0.001, 5,   2.817,-37.119,-14.557
21994.22655, 3,  -0.216,  0.137, 10.140, 4,   0.066, -0.013, -0.001, 5,   2.295,-38.341,-16.426, 82,  -0.044, -0.023, -0.131
21994.24767, 3,  -0.137,  0.078, 10.375, 4,  -0.006, -0.164,  0.003, 5,   3.339,-39.388,-15.746, 82,  -0.060, -0.009, -0.127
21994.26680, 3,  -0.078,  0.118, 10.179, 4,  -0.096, -0.251,  0.006, 5,   4.208,-38.165,-15.576, 82,  -0.026, -0.055,  0.104
21994.28698, 3,  -0.059,  0.118, 10.356, 4,  -0.118, -0.175,  0.004, 5,   4.556,-37.119,-15.915, 82,  -0.008,  0.005, -0.089
21994.30709, 3,  -0.118,  0.137, 10.336, 4,  -0.081,  0.051, -0.007, 5,   4.208,-39.563,-16.255, 82,  -0.002,  0.025,  0.084
21994.32723, 3,  -0.118,  0.098, 10.258, 4,   0.007, -0.031, -0.009, 5,   2.991,-37.991,-16.765, 82,  -0.057,  0.050,  0.062
21994.34740, 3,  -0.098,  0.118, 10.258, 4,  -0.003, -0.004, -0.007, 5,   2.643,-38.341,-16.086, 82,  -0.058,  0.010, -0.016
21994.36754, 3,  -0.059,  0.157, 10.258, 4,  -0.015,  0.014,  0.000, 5,   2.817,-36.769,-15.576, 82,  -0.036,  0.031, -0.015
21994.38768, 3,  -0.078,  0.137, 10.277, 4,  -0.006, -0.014, -0.008, 5,   2.643,-38.341,-15.746, 82,   0.003,  0.070, -0.015
21994.40783, 3,  -0.118,  0.118, 10.375, 4,   0.002,  0.004, -0.001, 5,   2.817,-39.912,-14.896, 82,  -0.017,  0.049,  0.005
21994.42797, 3,  -0.118,  0.118, 10.062, 4,   0.000,  0.003, -0.003, 5,   3.860,-37.468,-16.255, 82,  -0.054,  0.028,  0.099
21994.44811, 3,  -0.078,  0.098, 10.297, 4,  -0.003, -0.004, -0.005, 5,   2.295,-37.292,-15.746, 82,  -0.052,  0.028, -0.207
21994.46825, 3,  -0.059,  0.137, 10.277, 4,  -0.003,  0.003, -0.001, 5,   1.945,-37.292,-15.067, 82,  -0.013,  0.008,  0.027
21994.48842, 3,  -0.059,  0.157, 10.258, 4,  -0.004, -0.001, -0.005, 5,   1.772,-37.468,-15.236, 82,   0.007,  0.047,  0.007
21994.50853, 3,  -0.098,  0.118, 10.219, 4,   0.003, -0.006, -0.002, 5,   3.165,-35.721,-16.595, 82,   0.006,  0.064, -0.012
21994.52868, 3,  -0.118,  0.098, 10.277, 4,   0.000, -0.002,  0.002, 5,   3.513,-36.420,-15.236, 82,  -0.033,  0.024, -0.050
21994.54882, 3,  -0.118,  0.098, 10.336, 4,  -0.006,  0.002,  0.003, 5,   3.165,-36.420,-14.217, 82,  -0.051,  0.005,  0.009
21994.56896, 3,  -0.098,  0.098, 10.336, 4,  -0.003, -0.006,  0.002, 5,   3.860,-36.070,-15.236, 82,  -0.029,  0.005,  0.063
21994.58910, 3,  -0.118,  0.098, 10.317, 4,   0.002, -0.001, -0.002, 5,   2.295,-35.896,-15.067
21994.60924, 3,  -0.118,  0.098, 10.297, 4,   0.000, -0.002, -0.005, 5,   3.687,-37.991,-15.746, 82,  -0.046,  0.005,  0.022
21994.63009, 3,  -0.020,  0.098, 10.258, 4,  -0.003,  0.001,  0.002, 5,   2.121,-37.468,-14.896, 82,   0.050,  0.005, -0.017
21994.64953, 3,  -0.020,  0.098, 10.297, 4,   0.000, -0.003,  0.000, 5,   3.513,-37.468,-14.217
21994.66967, 3,  -0.039,  0.098, 10.258, 4,   0.000, -0.003,  0.000, 5,   4.382,-39.388,-15.067, 82,   0.048,  0.005,  0.022
21994.68984, 3,  -0.059,  0.118, 10.238, 4,  -0.001, -0.004,  0.000, 5,   0.728,-38.165,-15.236, 82,   0.006,  0.023, -0.035
21994.70995, 3,  -0.118,  0.157, 10.238, 4,   0.002, -0.001, -0.002, 5,   2.817,-37.468,-15.576
21994.73009, 3,  -0.157,  0.118, 10.238, 4,  -0.002,  0.005, -0.001, 5,   1.424,-36.420,-14.896, 82,  -0.051,  0.061, -0.034
21994.75023, 3,  -0.177,  0.118, 10.238, 4,  -0.003, -0.001, -0.003, 5,   4.208,-37.119,-14.896, 82,  -0.086,  0.021, -0.033
21994.77037, 3,  -0.020,  0.255, 10.336, 4,   0.000,  0.001, -0.003, 5,   2.817,-38.165,-14.557, 82,  -0.102,  0.021, -0.032
21994.79052, 3,  -0.059,  0.196, 10.219, 4,  -0.001,  0.003, -0.013, 5,   2.121,-38.165,-14.557, 82,   0.053,  0.153,  0.064
21994.81066, 3,  -0.039,  0.196, 10.277, 4,   0.004, -0.024,  0.003, 5,   2.469,-37.816,-14.896, 82,   0.011,  0.091, -0.052
21994.83080, 3,  -0.039,  0.196, 10.317, 4,  -0.007, -0.003, -0.001, 5,   2.643,-36.244,-15.405, 82,   0.027,  0.088,  0.007
21994.85091, 3,  -0.059,  0.157, 10.238, 4,  -0.007, -0.003,  0.002, 5,   3.339,-36.244,-15.746, 82,   0.026,  0.086,  0.044
21994.87105, 3,  -0.059,  0.157, 10.277, 4,   0.003,  0.009, -0.001, 5,   2.991,-36.594,-14.386, 82,   0.006,  0.044,  0.006
21994.89119, 3,  -0.098,  0.118, 10.277, 4,  -0.002, -0.006, -0.005, 5,   2.469,-37.119,-15.236
21994.91140, 3,  -0.137,  0.137, 10.258, 4,  -0.003, -0.002, -0.003, 5,   3.339,-38.341,-16.086, 82,  -0.032,  0.005,  0.006
21994.93154, 3,  -0.078,  0.098, 10.277, 4,  -0.006, -0.001,  0.002, 5,   4.208,-37.816,-13.876, 82,  -0.070,  0.025, -0.013
21994.95165, 3,  -0.039,  0.137, 10.317, 4,  -0.002, -0.004, -0.002, 5,   1.945,-37.991,-14.047, 82,  -0.011, -0.013,  0.006
21994.97179, 3,  -0.039,  0.137, 10.297, 4,   0.002,  0.003,  0.000, 5,   2.991,-36.943,-15.746, 82,   0.027,  0.024,  0.023
21994.99193, 3,  -0.020,  0.098, 10.317, 4,   0.004,  0.001, -0.001, 5,   2.817,-37.468,-14.557
21995.01210, 3,  -0.039,  0.118, 10.258, 4,   0.004, -0.004,  0.000, 5,   3.860,-35.721,-14.217, 82,   0.044, -0.016,  0.042
21995.03222, 3,  -0.020,  0.118, 10.258, 4,  -0.003, -0.004,  0.002, 5,   3.165,-37.816,-15.915, 82,   0.023,  0.004, -0.017
21995.05239, 3,  -0.078,  0.137, 10.179, 4,  -0.002,  0.001,  0.000, 5,   0.728,-37.816,-14.896, 82,  -0.017,  0.023, -0.091
21995.07250, 3,  -0.118,  0.137, 10.277, 4,   0.002,  0.003,  0.002, 5,   2.469,-37.816,-13.876
21995.09264, 3,  -0.098,  0.137, 10.317, 4,  -0.006,  0.003, -0.001, 5,   2.295,-37.991,-15.067, 82,  -0.032,  0.023,  0.044
21995.11275, 3,  -0.078,  0.118, 10.297, 4,  -0.003,  0.005, -0.001, 5,   2.469,-36.070,-12.857
21995.13390, 3,  -0.137,  0.078, 10.258, 4,   0.004, -0.004,  0.000, 5,   2.643,-37.292,-14.726, 82,  -0.012,  0.003,  0.024
21995.15303, 3,  -0.098,  0.118, 10.238, 4,  -0.004,  0.004, -0.003, 5,   2.643,-37.642,-13.367, 82,  -0.028,  0.005, -0.034
21995.17321, 3,  -0.059,  0.098, 10.258, 4,  -0.002,  0.001, -0.006, 5,   2.643,-37.991,-15.405
21995.19335, 3,  -0.020,  0.098, 10.336, 4,  -0.001,  0.003, -0.006, 5,   2.817,-36.769,-14.217, 82,   0.011, -0.014, -0.013
21995.21349, 3,   0.000,  0.118, 10.336, 4,   0.000,  0.007, -0.011, 5,   1.424,-36.769,-13.536, 82,   0.050, -0.014,  0.063
21995.23363, 3,  -0.039,  0.118, 10.277, 4,   0.003,  0.001, -0.002, 5,   2.469,-36.769,-12.857, 82,   0.068,  0.005,  0.061
21995.25377, 3,  -0.078,  0.118, 10.336, 4,  -0.003,  0.005, -0.001, 5,   2.643,-37.642,-14.386, 82,   0.028,  0.005,  0.002
21995.27388, 3,  -0.059,  0.078, 10.356, 4,   0.000,  0.002, -0.003, 5,   2.991,-36.244,-14.386, 82,  -0.010,  0.005,  0.059
21995.29409, 3,  -0.059,  0.098, 10.317, 4,  -0.001,  0.001,  0.000, 5,   1.772,-35.721,-14.557, 82,   0.010, -0.033,  0.076
21995.31420, 3,  -0.039,  0.078, 10.277, 4,  -0.003,  0.002,  0.005, 5,   0.728,-37.816,-13.197, 82,   0.010, -0.012,  0.035
21995.33434, 3,  -0.118,  0.059, 10.238, 4,   0.003, -0.003, -0.005, 5,   2.469,-36.769,-15.576, 82,   0.028, -0.031, -0.004
21995.35448, 3,  -0.078,  0.078, 10.277, 4,   0.002,  0.001, -0.002, 5,   3.339,-37.292,-14.726, 82,  -0.049, -0.049, -0.042
21995.37465, 3,  -0.078,  0.137, 10.219, 4,   0.005, -0.001,  0.000, 5,   2.295,-36.594,-15.067, 82,  -0.009, -0.029, -0.002
21995.39479, 3,  -0.078,  0.118, 10.238, 4,  -0.002,  0.001, -0.002, 5,   2.817,-36.420,-15.236, 82,  -0.008,  0.008, -0.038
21995.41494, 3,  -0.098,  0.118, 10.219, 4,   0.002,  0.004,  0.000, 5,   4.904,-36.769,-14.557
21995.43505, 3,  -0.098,  0.118, 10.219, 4,   0.000, -0.006, -0.002, 5,   2.295,-36.943,-14.726, 82,  -0.027,  0.008, -0.056
21995.45522, 3,  -0.039,  0.118, 10.277, 4,   0.002,  0.002, -0.002, 5,   4.034,-37.642,-14.726, 82,  -0.027,  0.007, -0.054
21995.47536, 3,  -0.078,  0.078, 10.317, 4,   0.002, -0.001, -0.003, 5,   2.643,-35.197,-14.047, 82,   0.031,  0.007,  0.005
21995.49550, 3,  -0.098,  0.118, 10.258, 4,   0.000, -0.001, -0.003, 5,   2.295,-36.594,-15.067, 82,  -0.008, -0.031,  0.042
21995.51625, 3,  -0.059,  0.118, 10.238, 4,   0.002, -0.001, -0.002, 5,   2.643,-36.594,-14.386, 82,  -0.027,  0.007, -0.016
21995.53579, 3,  -0.039,  0.118, 10.219, 4,   0.000, -0.003, -0.007, 5,   1.598,-35.896,-13.367, 82,   0.012,  0.007, -0.034
21995.55593, 3,  -0.118,  0.118, 10.277, 4,   0.000,  0.004, -0.003, 5,   1.945,-35.896,-13.367, 82,  -0.045,  0.006,  0.007
21995.57607, 3,  -0.078,  0.137, 10.336, 4,   0.003,  0.005, -0.001, 5,   3.339,-36.594,-16.086
21995.59621, 3,  -0.059,  0.098, 10.317, 4,  -0.003, -0.004,  0.000, 5,   2.121,-36.769,-14.557, 82,  -0.006,  0.025,  0.063
21995.61632, 3,  -0.078,  0.157, 10.317, 4,  -0.002, -0.002,  0.003, 5,   3.513,-38.515,-15.236, 82,   0.013, -0.013,  0.042
21995.63649, 3,  -0.137,  0.118, 10.258, 4,   0.005,  0.002, -0.001, 5,   1.598,-37.991,-15.405, 82,  -0.063,  0.004, -0.018
21995.65661, 3,  -0.098,  0.137, 10.199, 4,   0.000,  0.002, -0.003, 5,   1.945,-38.341,-16.086, 82,  -0.023,  0.022, -0.074
21995.67675, 3,  -0.098,  0.157, 10.277, 4,   0.004,  0.003,  0.002, 5,   2.643,-36.943,-15.746
21995.69689, 3,  -0.118,  0.177, 10.199, 4,  -0.002,  0.003,  0.000, 5,   3.339,-36.594,-14.047, 82,  -0.021,  0.040,  0.004
21995.71700, 3,  -0.078,  0.137, 10.258, 4,  -0.006,  0.005, -0.001, 5,   2.121,-36.070,-14.217, 82,  -0.039,  0.058, -0.072
21995.73717, 3,  -0.078,  0.137, 10.277, 4,  -0.008,  0.002,  0.003, 5,   1.945,-37.642,-14.047, 82,   0.001,  0.020, -0.012
21995.75731, 3,  -0.059,  0.118, 10.219, 4,  -0.006,  0.005, -0.003, 5,   3.165,-37.119,-14.896, 82,   0.002,  0.021,  0.007
21995.77742, 3,  -0.059,  0.118, 10.317, 4,  -0.007,  0.005, -0.003, 5,   2.643,-36.594,-14.047, 82,   0.022,  0.002, -0.050
21995.79760, 3,  -0.059,  0.137, 10.317, 4,  -0.007, -0.002, -0.001, 5,   3.339,-36.244,-14.047, 82,   0.022,  0.003,  0.046
21995.81771, 3,  -0.098,  0.137, 10.219, 4,  -0.004,  0.003, -0.006, 5,  -0.490,-36.943,-13.367, 82,   0.021,  0.023,  0.045
21995.83788, 3,  -0.078,  0.098, 10.179, 4,  -0.002, -0.007, -0.001, 5,   1.250,-36.943,-14.047, 82,  -0.018,  0.023, -0.051
21995.85802, 3,  -0.098,  0.078, 10.199, 4,  -0.006, -0.004,  0.000, 5,   3.339,-37.991,-14.386, 82,   0.000, -0.015, -0.088
21995.87816, 3,  -0.059,  0.118, 10.199, 4,  -0.003,  0.001, -0.003, 5,   3.165,-37.468,-14.557, 82,  -0.019, -0.032, -0.066
21995.89833, 3,  -0.059,  0.098, 10.297, 4,  -0.002, -0.001, -0.002, 5,   1.598,-36.594,-15.405, 82,   0.020,  0.007, -0.064
21995.91842, 3,  -0.078,  0.118, 10.297, 4,   0.002, -0.001, -0.001, 5,   2.991,-36.244,-14.047, 82,   0.019, -0.012,  0.033
21995.93859, 3,  -0.059,  0.118, 10.277, 4,  -0.002, -0.001, -0.003, 5,   2.121,-38.165,-15.236, 82,  -0.001,  0.008,  0.032
21995.95873, 3,  -0.059,  0.098, 10.297, 4,  -0.003,  0.004,  0.000, 5,   3.687,-36.594,-15.067, 82,   0.018,  0.008,  0.012
21995.97887, 3,  -0.039,  0.059, 10.317, 4,   0.003, -0.002,  0.002, 5,   1.772,-36.420,-13.876, 82,   0.018, -0.011,  0.031
21995.99901, 3,  -0.078,  0.020, 10.317, 4,  -0.006, -0.001, -0.001, 5,   3.687,-36.594,-16.426, 82,   0.036, -0.049,  0.049
21996.02016, 3,  -0.098,  0.059, 10.297, 4,  -0.007, -0.001, -0.001, 5,   2.991,-37.642,-14.047, 82,  -0.003, -0.084,  0.047
21996.03927, 3,  -0.118,  0.078, 10.258, 4,   0.000,  0.002, -0.001, 5,   1.424,-37.816,-14.217, 82,  -0.022, -0.042,  0.026
21996.05944, 3,  -0.098,  0.059, 10.356, 4,  -0.002,  0.003, -0.001, 5,   2.469,-36.070,-15.576, 82,  -0.040, -0.022, -0.012
21996.07958, 3,  -0.078,  0.078, 10.356, 4,  -0.002, -0.004, -0.005, 5,   2.121,-37.119,-14.217, 82,  -0.019, -0.040,  0.083
21996.09975, 3,  -0.059,  0.098, 10.277, 4,  -0.007,  0.003, -0.003, 5,   2.643,-38.341,-15.067, 82,  -0.000, -0.018,  0.080
21996.11986, 3,  -0.039,  0.059, 10.297, 4,  -0.003,  0.004, -0.002, 5,   4.382,-38.341,-15.067, 82,   0.020,  0.002,  0.002
21996.14000, 3,  -0.039,  0.078, 10.277, 4,  -0.004,  0.004, -0.001, 5,   3.165,-38.515,-15.915, 82,   0.039, -0.035,  0.021
21996.16011, 3,  -0.059,  0.118, 10.277, 4,  -0.004,  0.001, -0.008, 5,   3.165,-36.420,-14.217, 82,   0.038, -0.014,  0.001
21996.18029, 3,  -0.078,  0.118, 10.238, 4,  -0.006, -0.001, -0.005, 5,   2.817,-37.816,-14.557, 82,   0.018,  0.025,  0.001
21996.20043, 3,  -0.020,  0.137, 10.277, 4,  -0.004,  0.002, -0.002, 5,   2.469,-37.468,-14.557, 82,  -0.002,  0.025, -0.037
21996.22060, 3,   0.000,  0.059, 10.238, 4,  -0.003,  0.001, -0.002, 5,   3.165,-36.769,-14.557, 82,   0.055,  0.044,  0.002
21996.24071, 3,   0.000,  0.059, 10.258, 4,   0.000, -0.002, -0.002, 5,   1.945,-36.244,-13.367, 82,   0.072, -0.033, -0.036
21996.26085, 3,   0.000,  0.118, 10.297, 4,  -0.003, -0.001, -0.002, 5,   2.121,-36.769,-14.557, 82,   0.070, -0.031, -0.016
21996.28099, 3,  -0.039,  0.078, 10.258, 4,   0.003, -0.004, -0.002, 5,   2.643,-38.341,-15.405, 82,   0.067,  0.027,  0.023
21996.30114, 3,  -0.020,  0.039, 10.297, 4,   0.002, -0.002, -0.003, 5,   2.295,-37.991,-14.386, 82,   0.026, -0.013, -0.016
21996.32131, 3,  -0.059,  0.059, 10.219, 4,  -0.002, -0.002,  0.000, 5,   3.339,-36.943,-15.746, 82,   0.044, -0.050,  0.022
21996.34142, 3,  -0.078,  0.078, 10.258, 4,  -0.003,  0.004, -0.007, 5,   2.991,-36.943,-14.047, 82,   0.005, -0.029, -0.054
21996.36159, 3,  -0.059,  0.098, 10.219, 4,  -0.008,  0.001, -0.001, 5,   1.945,-36.244,-15.746, 82,  -0.014, -0.008, -0.014
21996.38170, 3,  -0.078,  0.157, 10.258, 4,  -0.003, -0.003, -0.002, 5,   1.772,-37.119,-15.915, 82,   0.005,  0.012, -0.052
21996.40252, 3,  -0.098,  0.157, 10.415, 4,  -0.004, -0.001, -0.002, 5,   1.945,-37.292,-14.386, 82,  -0.014,  0.070, -0.012
21996.42199, 3,  -0.098,  0.118, 10.277, 4,  -0.003,  0.007, -0.003, 5,   2.295,-37.642,-16.086, 82,  -0.032,  0.068,  0.140
21996.44216, 3,  -0.098,  0.078, 10.238, 4,  -0.001, -0.001, -0.001, 5,   1.772,-36.070,-14.896, 82,  -0.030,  0.028,  0.002
21996.46230, 3,  -0.118,  0.098, 10.238, 4,  -0.001, -0.001,  0.000, 5,   2.643,-37.642,-13.707, 82,  -0.030, -0.010, -0.036
21996.48238, 3,  -0.059,  0.098, 10.238, 4,  -0.004, -0.003,  0.002, 5,   2.295,-35.547,-14.386, 82,   0.010,  0.010, -0.033
21996.50258, 3,  -0.020,  0.098, 10.297, 4,   0.000, -0.003,  0.003, 5,   2.817,-37.468,-15.576
21996.52272, 3,  -0.118,  0.039, 10.297, 4,  -0.001, -0.003,  0.003, 5,   3.687,-37.292,-14.726, 82,   0.047,  0.009,  0.025
21996.54284, 3,  -0.118,  0.078, 10.297, 4,  -0.002, -0.001, -0.002, 5,   2.643,-37.292,-15.067, 82,  -0.048, -0.008,  0.023
21996.56301, 3,  -0.059,  0.078, 10.277, 4,  -0.002, -0.002, -0.003, 5,   1.250,-36.594,-14.047, 82,   0.010, -0.008,  0.003
21996.58312, 3,  -0.059,  0.118, 10.277, 4,   0.004, -0.003, -0.003, 5,   2.817,-38.165,-14.896
21996.60329, 3,  -0.059,  0.137, 10.277, 4,  -0.002,  0.002,  0.000, 5,   3.339,-36.244,-14.726, 82,   0.009,  0.049,  0.003
21996.62343, 3,  -0.118,  0.157, 10.297, 4,  -0.004,  0.002,  0.000, 5,   2.991,-37.991,-15.405
21996.64357, 3,  -0.118,  0.137, 10.336, 4,   0.000, -0.003, -0.002, 5,   2.121,-36.070,-15.915, 82,  -0.048,  0.067,  0.022
21996.66372, 3,  -0.039,  0.118, 10.258, 4,  -0.007,  0.002,  0.002, 5,   1.772,-37.119,-13.536, 82,  -0.047,  0.046,  0.059
21996.68386, 3,  -0.059,  0.118, 10.258, 4,   0.000,  0.001,  0.000, 5,   2.991,-35.896,-14.726, 82,   0.031,  0.026, -0.019
21996.70400, 3,  -0.059,  0.137, 10.336, 4,  -0.001, -0.002,  0.002, 5,   2.469,-36.420,-15.915, 82,   0.011,  0.025, -0.018
21996.72414, 3,  -0.059,  0.137, 10.219, 4,  -0.004,  0.003, -0.005, 5,   1.424,-36.769,-13.536, 82,   0.011,  0.044,  0.058
21996.74428, 3,  -0.059,  0.118, 10.336, 4,   0.002, -0.002, -0.003, 5,   2.121,-36.420,-14.896, 82,   0.010,  0.043, -0.057
21996.76439, 3,  -0.039,  0.118, 10.317, 4,  -0.006, -0.003, -0.009, 5,   3.513,-36.070,-13.536, 82,   0.009,  0.023,  0.058
21996.78463, 3,  -0.039,  0.118, 10.258, 4,  -0.004, -0.004, -0.003, 5,   1.250,-36.594,-15.405, 82,   0.027,  0.023,  0.037
21996.80468, 3,  -0.020,  0.118, 10.277, 4,  -0.003, -0.002, -0.007, 5,   1.772,-37.816,-14.217, 82,   0.026,  0.023, -0.021
21996.82485, 3,  -0.020,  0.118, 10.238, 4,  -0.002, -0.006, -0.011, 5,   0.902,-36.943,-13.707, 82,   0.043,  0.023, -0.001
21996.84499, 3,  -0.039,  0.098, 10.277, 4,  -0.007, -0.003, -0.008, 5,   3.165,-37.816,-15.915, 82,   0.041,  0.023, -0.039
21996.86513, 3,  -0.098,  0.039, 10.297, 4,  -0.008,  0.004, -0.006, 5,   2.991,-36.244,-14.386, 82,   0.021,  0.005,  0.000
21996.88524, 3,  -0.118,  0.059, 10.297, 4,  -0.004, -0.003,  0.000, 5,   2.817,-37.119,-15.236, 82,  -0.037, -0.051,  0.019
21996.90645, 3,  -0.118,  0.098, 10.297, 4,  -0.002,  0.001,  0.002, 5,   4.382,-37.292,-14.386, 82,  -0.055, -0.030,  0.019
21996.92553, 3,  -0.039,  0.137, 10.238, 4,  -0.001,  0.001,  0.000, 5,   1.945,-37.991,-14.726, 82,  -0.053,  0.009,  0.018
21996.94570, 3,  -0.039,  0.098, 10.258, 4,   0.002, -0.002,  0.003, 5,   1.945,-37.292,-14.386, 82,   0.024,  0.007, -0.019
21996.96584, 3,  -0.059,  0.137, 10.297, 4,   0.003,  0.007,  0.005, 5,   1.945,-36.244,-14.047
21996.98595, 3,  -0.137,  0.098, 10.297, 4,   0.003,  0.004, -0.005, 5,   1.598,-35.547,-13.707, 82,  -0.070,  0.005,  0.019
21997.00612, 3,  -0.118,  0.078, 10.277, 4,  -0.001,  0.002,  0.000, 5,   3.513,-38.165,-14.557, 82,  -0.048, -0.015, -0.001
21997.02626, 3,  -0.118,  0.078, 10.277, 4,   0.002,  0.005, -0.001, 5,   2.991,-36.244,-12.688
21997.04641, 3,  -0.118,  0.078, 10.297, 4,   0.008,  0.001,  0.000, 5,   2.469,-35.721,-14.896, 82,  -0.046, -0.015, -0.001
21997.06655, 3,  -0.039,  0.059, 10.356, 4,   0.000,  0.002,  0.000, 5,   3.687,-36.594,-16.086, 82,   0.033, -0.034,  0.074
21997.08666, 3,  -0.020,  0.059, 10.336, 4,   0.004, -0.003, -0.007, 5,   2.643,-36.943,-13.707, 82,   0.051, -0.033,  0.053
21997.10677, 3,  -0.020,  0.059, 10.336, 4,  -0.002,  0.002,  0.000, 5,   3.513,-35.721,-13.876, 82,   0.049, -0.032,  0.051
21997.12691, 3,  -0.078,  0.098, 10.336, 4,  -0.002, -0.002,  0.000, 5,   2.991,-36.594,-15.405, 82,  -0.010,  0.007,  0.049
21997.14705, 3,  -0.039,  0.098, 10.297, 4,   0.002, -0.002, -0.002, 5,   3.860,-38.515,-14.217
21997.16719, 3,  -0.078,  0.098, 10.317, 4,  -0.003, -0.001, -0.006, 5,   2.469,-37.468,-15.236, 82,   0.028,  0.007,  0.010
21997.18734, 3,  -0.059,  0.078, 10.297, 4,   0.000, -0.002, -0.003, 5,   2.121,-36.769,-14.896, 82,  -0.011,  0.007,  0.029
21997.20751, 3,  -0.078,  0.078, 10.258, 4,  -0.002, -0.002, -0.006, 5,   1.772,-37.468,-14.557, 82,   0.008, -0.012,  0.009
21997.22762, 3,  -0.078,  0.098, 10.238, 4,   0.002, -0.006,  0.000, 5,   3.165,-37.816,-14.896, 82,  -0.012, -0.012, -0.030
21997.24779, 3,  -0.039,  0.098, 10.199, 4,   0.002, -0.003,  0.002, 5,   5.602,-36.070,-15.236, 82,  -0.012,  0.007, -0.048
21997.26793, 3,  -0.020,  0.098, 10.258, 4,  -0.001, -0.003, -0.003, 5,   2.295,-37.292,-15.067, 82,   0.025,  0.007, -0.084
21997.28890, 3,  -0.059,  0.078, 10.297, 4,  -0.006, -0.003,  0.000, 5,   1.250,-36.943,-14.386, 82,   0.043,  0.008, -0.024
21997.30822, 3,  -0.078,  0.098, 10.297, 4,  -0.002,  0.002,  0.002, 5,   2.643,-37.292,-13.367, 82,   0.003, -0.011,  0.014
21997.32836, 3,  -0.078,  0.118, 10.317, 4,   0.000, -0.001,  0.000, 5,   4.730,-37.642,-14.386, 82,  -0.016,  0.009,  0.014
21997.34853, 3,  -0.078,  0.137, 10.258, 4,   0.002,  0.003, -0.002, 5,   2.817,-36.769,-15.915, 82,  -0.015,  0.027,  0.032
21997.36867, 3,  -0.059,  0.137, 10.277, 4,   0.000, -0.002,  0.004, 5,   2.295,-37.642,-14.386, 82,  -0.014,  0.045, -0.025
21997.38878, 3,  -0.059,  0.118, 10.277, 4,   0.003,  0.001,  0.003, 5,   2.121,-36.769,-13.876, 82,   0.005,  0.043, -0.006
21997.40895, 3,  -0.098,  0.157, 10.258, 4,  -0.004, -0.002,  0.005, 5,   4.034,-37.991,-15.405, 82,   0.005,  0.023, -0.005
21997.42907, 3,  -0.098,  0.157, 10.317, 4,   0.002,  0.004,  0.004, 5,   1.945,-36.943,-14.386, 82,  -0.033,  0.060, -0.024
21997.44924, 3,  -0.137,  0.157, 10.277, 4,   0.000, -0.002,  0.002, 5,   3.860,-37.119,-13.536, 82,  -0.069,  0.056, -0.006
21997.46935, 3,  -0.098,  0.118, 10.258, 4,  -0.002,  0.001,  0.004, 5,   2.991,-37.642,-13.707
21997.48952, 3,  -0.039,  0.157, 10.258, 4,   0.002,  0.001,  0.002, 5,   4.208,-37.468,-14.217, 82,  -0.028,  0.016, -0.024
21997.50966, 3,  -0.039,  0.137, 10.336, 4,  -0.003,  0.001,  0.000, 5,   2.295,-35.896,-15.405, 82,   0.029,  0.054, -0.024
21997.52977, 3,  -0.039,  0.098, 10.297, 4,  -0.006,  0.001,  0.002, 5,   2.121,-35.721,-14.896, 82,   0.029,  0.034,  0.053
21997.54995, 3,  -0.098,  0.078, 10.356, 4,  -0.001,  0.003,  0.000, 5,   1.424,-36.420,-14.217, 82,   0.028, -0.004,  0.013
21997.57009, 3,  -0.078,  0.118, 10.336, 4,   0.002, -0.004, -0.002, 5,   2.817,-38.515,-15.915, 82,  -0.030, -0.023,  0.070
21997.59020, 3,  -0.098,  0.137, 10.317, 4,  -0.003, -0.006, -0.002, 5,   2.295,-35.896,-16.086, 82,  -0.011,  0.016,  0.049
21997.61037, 3,  -0.078,  0.118, 10.297, 4,   0.002, -0.002, -0.001, 5,   2.643,-35.197,-14.047, 82,  -0.030,  0.034,  0.028
21997.63048, 3,  -0.059,  0.157, 10.317, 4,   0.003, -0.002, -0.006, 5,   2.991,-35.896,-15.067, 82,   0.008,  0.051,  0.027
21997.65062, 3,  -0.118,  0.078, 10.297, 4,  -0.002,  0.001,  0.000, 5,   2.469,-36.420,-14.217
21997.67089, 3,  -0.118,  0.098, 10.277, 4,  -0.002, -0.002, -0.002, 5,   3.860,-37.119,-14.896, 82,  -0.049, -0.026,  0.007
21997.69091, 3,  -0.078,  0.118, 10.277, 4,  -0.004, -0.002, -0.003, 5,   2.817,-36.769,-14.217, 82,  -0.048, -0.006, -0.012
21997.71108, 3,  -0.078,  0.137, 10.258, 4,  -0.004, -0.001, -0.002, 5,   1.945,-36.244,-14.726, 82,  -0.008,  0.014, -0.012
21997.73122, 3,  -0.078,  0.078, 10.277, 4,  -0.004, -0.002, -0.002, 5,   1.772,-36.769,-13.876, 82,  -0.008,  0.034, -0.030
21997.75136, 3,  -0.059,  0.098, 10.297, 4,  -0.004,  0.002, -0.008, 5,   3.165,-37.119,-14.557, 82,  -0.008, -0.023, -0.011
21997.77147, 3,  -0.078,  0.118, 10.356, 4,  -0.001,  0.003, -0.003, 5,   3.687,-38.341,-14.386, 82,   0.012, -0.003,  0.009
21997.79287, 3,  -0.098,  0.020, 10.277, 4,  -0.007,  0.001, -0.008, 5,   4.034,-36.594,-14.386, 82,  -0.007,  0.017,  0.065
21997.81176, 3,  -0.118,  0.020, 10.277, 4,  -0.002,  0.002, -0.005, 5,   2.295,-37.642,-14.047, 82,  -0.026, -0.078, -0.013
21997.83193, 3,  -0.098,  0.059, 10.317, 4,   0.000,  0.001,  0.004, 5,   2.643,-36.244,-14.047, 82,  -0.044, -0.075, -0.012
21997.85207, 3,  -0.098,  0.059, 10.317, 4,  -0.002,  0.001, -0.003, 5,   1.945,-36.594,-14.386, 82,  -0.023, -0.034,  0.026
21997.87218, 3,  -0.078,  0.078, 10.336, 4,  -0.004,  0.001,  0.004, 5,   2.121,-36.070,-15.236, 82,  -0.022, -0.033,  0.025
21997.89235, 3,  -0.059,  0.118, 10.395, 4,  -0.004,  0.004,  0.000, 5,   2.817,-34.674,-13.876, 82,   0.018,  0.028,  0.099
21997.91253, 3,  -0.078,  0.078, 10.238, 4,  -0.004,  0.002,  0.005, 5,   2.121,-36.769,-13.876
21997.93264, 3,  -0.078,  0.118, 10.238, 4,   0.003,  0.001,  0.004, 5,   1.772,-36.070,-13.536, 82,  -0.002,  0.027, -0.054
21997.95278, 3,  -0.039,  0.078, 10.277, 4,  -0.002,  0.002,  0.004, 5,   2.295,-35.896,-14.386, 82,   0.037, -0.012, -0.015
21997.97292, 3,   0.000,  0.039, 10.258, 4,   0.000, -0.001,  0.006, 5,   2.643,-35.547,-14.726
21997.99306, 3,  -0.020,  0.059, 10.219, 4,   0.002, -0.001, -0.001, 5,   4.382,-37.292,-14.726, 82,   0.052, -0.029, -0.070
21998.01320, 3,  -0.039,  0.059, 10.277, 4,  -0.003,  0.002,  0.003, 5,   3.165,-36.420,-13.536, 82,   0.031, -0.027, -0.011
21998.03334, 3,  -0.078,  0.078, 10.258, 4,  -0.003, -0.004,  0.000, 5,   2.817,-38.165,-13.876, 82,  -0.008, -0.007, -0.029
21998.05346, 3,  -0.039,  0.078, 10.219, 4,   0.004,  0.004,  0.005, 5,   3.165,-37.816,-15.915, 82,   0.030, -0.007, -0.066
21998.07363, 3,  -0.020,  0.098, 10.238, 4,  -0.001, -0.001,  0.003, 5,   2.121,-37.119,-14.217
21998.09374, 3,   0.000,  0.059, 10.258, 4,  -0.001, -0.003, -0.005, 5,   2.295,-36.594,-14.047, 82,   0.065, -0.026, -0.025
21998.11391, 3,  -0.059,  0.098, 10.356, 4,  -0.001,  0.004, -0.002, 5,   1.250,-37.991,-15.067
21998.13405, 3,  -0.039,  0.039, 10.219, 4,   0.004, -0.001, -0.003, 5,   1.945,-35.547,-15.067, 82,   0.007,  0.012,  0.071
21998.15419, 3,  -0.020,  0.039, 10.199, 4,  -0.003,  0.001,  0.003, 5,   3.165,-37.119,-14.557, 82,   0.025, -0.045, -0.064
21998.17504, 3,  -0.020,  0.059, 10.277, 4,   0.000,  0.002, -0.002, 5,   2.469,-37.816,-14.896, 82,   0.043, -0.023, -0.002
21998.19448, 3,  -0.059,  0.078, 10.277, 4,  -0.001,  0.001, -0.003, 5,   2.469,-36.420,-15.236, 82,   0.003, -0.003, -0.002
21998.21462, 3,  -0.059,  0.098, 10.199, 4,   0.000, -0.004,  0.000, 5,   2.469,-38.165,-14.896, 82,   0.002,  0.016, -0.078
21998.23476, 3,  -0.078,  0.059, 10.277, 4,  -0.002, -0.004, -0.002, 5,   2.643,-37.292,-15.067
21998.25490, 3,  -0.059,  0.078, 10.277, 4,  -0.002,  0.004,  0.000, 5,   1.772,-37.816,-13.536, 82,  -0.017, -0.022,  0.000
21998.27504, 3,  -0.078,  0.059, 10.199, 4,   0.003,  0.005,  0.000, 5,   3.165,-37.119,-14.557, 82,  -0.015, -0.022, -0.075
21998.29519, 3,  -0.098,  0.020, 10.160, 4,   0.000,  0.002,  0.003, 5,   2.121,-36.420,-15.236
21998.31530, 3,  -0.137,  0.078, 10.199, 4,   0.004, -0.002,  0.003, 5,   2.643,-35.547,-14.386, 82,  -0.033, -0.059, -0.111
21998.33547, 3,  -0.118,  0.078, 10.120, 4,   0.002,  0.003,  0.000, 5,   2.469,-36.070,-15.236, 82,  -0.049, -0.001, -0.143
21998.35558, 3,  -0.059,  0.098, 10.179, 4,  -0.004, -0.001,  0.004, 5,   4.730,-36.594,-13.026
21998.37578, 3,  -0.098,  0.118, 10.297, 4,  -0.004,  0.001,  0.008, 5,   2.121,-35.371,-14.217, 82,   0.010,  0.019, -0.081
21998.39589, 3,  -0.118,  0.078, 10.297, 4,   0.002,  0.002,  0.004, 5,   2.643,-36.594,-15.405, 82,  -0.028,  0.038,  0.035
21998.41603, 3,  -0.118,  0.098, 10.277, 4,  -0.006,  0.001,  0.003, 5,   4.034,-37.991,-15.405, 82,  -0.046, -0.001,  0.034
21998.43615, 3,  -0.098,  0.059, 10.277, 4,  -0.003, -0.001,  0.002, 5,   2.643,-37.642,-14.386, 82,  -0.044,  0.019,  0.014
21998.45632, 3,  -0.098,  0.059, 10.297, 4,  -0.002, -0.001,  0.003, 5,   2.121,-35.022,-14.557, 82,  -0.024, -0.019,  0.014
21998.47643, 3,  -0.098,  0.059, 10.375, 4,  -0.002,  0.003, -0.006, 5,   2.295,-35.896,-15.405, 82,  -0.023, -0.018,  0.032
21998.49663, 3,  -0.078,  0.039, 10.277, 4,  -0.002,  0.002, -0.005, 5,   1.598,-36.943,-14.726, 82,  -0.002, -0.035,  0.008
21998.51677, 3,  -0.098,  0.059, 10.336, 4,  -0.001,  0.001, -0.003, 5,   1.424,-37.119,-14.217
21998.53685, 3,  -0.098,  0.059, 10.317, 4,   0.002, -0.006, -0.008, 5,   2.817,-36.769,-15.915, 82,  -0.021, -0.015,  0.065
21998.55715, 3,  -0.118,  0.059, 10.297, 4,  -0.004, -0.002,  0.003, 5,   2.817,-36.070,-14.557, 82,  -0.040, -0.013,  0.024
21998.57714, 3,  -0.078,  0.039, 10.238, 4,  -0.004,  0.001, -0.001, 5,   2.991,-37.642,-14.047, 82,  -0.000, -0.031, -0.034
21998.59731, 3,  -0.078,  0.078, 10.258, 4,   0.002,  0.003,  0.002, 5,   1.772,-36.420,-14.217
21998.61745, 3,  -0.059,  0.098, 10.238, 4,  -0.002,  0.002, -0.005, 5,   3.339,-37.292,-14.726, 82,   0.000,  0.008, -0.014
21998.63756, 3,  -0.118,  0.098, 10.238, 4,  -0.001, -0.002, -0.005, 5,   2.121,-36.420,-14.217, 82,  -0.039,  0.026, -0.031
21998.65770, 3,  -0.098,  0.039, 10.258, 4,  -0.002, -0.001,  0.002, 5,   2.469,-37.468,-15.236
21998.67891, 3,  -0.098,  0.078, 10.258, 4,   0.000, -0.006, -0.006, 5,   4.904,-37.119,-14.557, 82,  -0.019, -0.032, -0.011
21998.69799, 3,  -0.020,  0.098, 10.297, 4,   0.004, -0.003,  0.000, 5,   2.469,-36.070,-15.576, 82,  -0.019,  0.007, -0.011
21998.71813, 3,  -0.039,  0.078, 10.317, 4,  -0.002, -0.003, -0.001, 5,   2.469,-36.420,-14.896, 82,   0.057,  0.025,  0.027
21998.73827, 3,  -0.039,  0.078, 10.258, 4,  -0.001, -0.006, -0.005, 5,   2.121,-35.371,-13.876, 82,   0.035,  0.006,  0.045
21998.75844, 3,  -0.059,  0.098, 10.277, 4,   0.005,  0.003, -0.003, 5,   2.121,-36.769,-14.557, 82,   0.034,  0.005, -0.013
21998.77858, 3,  -0.059,  0.098, 10.219, 4,   0.002, -0.002, -0.005, 5,   2.121,-35.721,-14.557, 82,   0.014,  0.023,  0.006
21998.79873, 3,  -0.137,  0.098, 10.277, 4,   0.000, -0.001,  0.000, 5,   2.991,-37.642,-15.746
21998.81884, 3,  -0.098,  0.039, 10.258, 4,  -0.001, -0.002, -0.001, 5,   3.687,-37.292,-14.047, 82,  -0.064,  0.022,  0.008
21998.83901, 3,  -0.078,  0.000, 10.317, 4,  -0.001,  0.004,  0.004, 5,   3.513,-36.769,-15.915, 82,  -0.023, -0.036, -0.011
21998.85915, 3,  -0.059,  0.000, 10.277, 4,  -0.001, -0.003, -0.001, 5,   1.945,-37.991,-15.067, 82,  -0.004, -0.072,  0.046
21998.87929, 3,  -0.098,  0.039, 10.238, 4,   0.000, -0.007, -0.005, 5,   2.643,-36.943,-13.367, 82,   0.015, -0.070,  0.006
21998.89940, 3,  -0.118,  0.098, 10.258, 4,   0.000, -0.001, -0.001, 5,   2.643,-37.991,-15.067, 82,  -0.025, -0.030, -0.032
21998.91951, 3,  -0.078,  0.098, 10.336, 4,   0.002, -0.006, -0.006, 5,   3.165,-38.165,-15.576, 82,  -0.043,  0.028, -0.012
21998.93966, 3,  -0.059,  0.118, 10.317, 4,  -0.006, -0.001, -0.006, 5,   2.469,-37.468,-15.236, 82,  -0.005,  0.027,  0.064
21998.95983, 3,  -0.039,  0.059, 10.297, 4,   0.002, -0.003, -0.003, 5,   2.469,-37.468,-14.217, 82,   0.014,  0.046,  0.043
21998.97997, 3,  -0.020,  0.078, 10.238, 4,  -0.003,  0.003, -0.007, 5,   3.165,-37.119,-14.896, 82,   0.033, -0.012,  0.023
21999.00011, 3,  -0.078,  0.059, 10.258, 4,  -0.001,  0.002, -0.003, 5,   3.339,-37.642,-15.405, 82,   0.051,  0.007, -0.035
21999.02022, 3,  -0.118,  0.098, 10.317, 4,  -0.002, -0.002, -0.007, 5,   2.643,-36.594,-14.047, 82,  -0.045,  0.027,  0.043
21999.04036, 3,  -0.137,  0.078, 10.297, 4,  -0.001,  0.005, -0.006, 5,   1.945,-36.943,-14.047, 82,  -0.062,  0.007,  0.022
21999.06115, 3,  -0.098,  0.078, 10.258, 4,   0.000, -0.002, -0.002, 5,   2.643,-36.594,-14.386, 82,  -0.023,  0.007, -0.016
21999.08065, 3,  -0.098,  0.118, 10.258, 4,  -0.002, -0.004, -0.002, 5,   3.165,-36.769,-13.536
21999.10082, 3,  -0.098,  0.118, 10.219, 4,  -0.003,  0.003,  0.003, 5,   1.945,-36.594,-13.026, 82,  -0.022,  0.045, -0.016
21999.12096, 3,  -0.118,  0.118, 10.199, 4,  -0.001, -0.007, -0.002, 5,   3.687,-36.943,-15.067, 82,  -0.022,  0.044, -0.053
21999.14113, 3,  -0.137,  0.118, 10.258, 4,  -0.001, -0.001, -0.002, 5,   2.469,-36.420,-13.876, 82,  -0.041,  0.043, -0.070
21999.16127, 3,  -0.157,  0.039, 10.258, 4,  -0.002,  0.003,  0.003, 5,   1.598,-37.292,-14.726, 82,  -0.058,  0.042, -0.011
21999.18142, 3,  -0.059,  0.039, 10.199, 4,  -0.001, -0.003,  0.003, 5,   1.772,-37.119,-12.517, 82,  -0.075, -0.035, -0.011
21999.20153, 3,  -0.078,  0.059, 10.277, 4,   0.002,  0.001, -0.006, 5,   2.121,-36.769,-14.217, 82,   0.022, -0.034, -0.067
21999.22170, 3,  -0.059,  0.059, 10.277, 4,   0.000,  0.003, -0.001, 5,   1.598,-37.991,-14.726, 82,   0.003, -0.014,  0.011
21999.24184, 3,  -0.078,  0.078, 10.297, 4,   0.002, -0.001, -0.002, 5,   4.382,-37.991,-15.067, 82,   0.022, -0.014,  0.010
21999.26195, 3,  -0.098,  0.078, 10.258, 4,  -0.001, -0.001, -0.002, 5,   1.598,-37.292,-13.707, 82,   0.002,  0.005,  0.029
21999.28209, 3,  -0.078,  0.039, 10.258, 4,  -0.001,  0.003, -0.001, 5,   2.469,-37.468,-14.557, 82,  -0.017,  0.005, -0.010
21999.30223, 3,  -0.059,  0.078, 10.258, 4,   0.003,  0.002, -0.001, 5,   3.513,-36.420,-13.876, 82,   0.003, -0.033, -0.009
21999.32238, 3,  -0.039,  0.098, 10.317, 4,   0.002,  0.001, -0.005, 5,   2.469,-36.769,-15.236, 82,   0.040,  0.024,  0.048
21999.34252, 3,  -0.078,  0.098, 10.336, 4,  -0.002, -0.001, -0.005, 5,   2.121,-36.070,-14.217
21999.36266, 3,  -0.039,  0.078, 10.277, 4,   0.004,  0.002, -0.007, 5,   2.991,-36.594,-15.405, 82,   0.001,  0.023,  0.065
21999.38280, 3,  -0.078,  0.059, 10.277, 4,   0.000,  0.001,  0.002, 5,   3.513,-37.119,-15.236, 82,   0.039,  0.003,  0.006
21999.40294, 3,  -0.098,  0.039, 10.277, 4,   0.002,  0.004, -0.002, 5,   2.643,-38.690,-14.386, 82,   0.001, -0.016,  0.006
21999.42308, 3,  -0.078,  0.059, 10.238, 4,   0.007,  0.003, -0.003, 5,   2.817,-36.769,-14.557, 82,  -0.018, -0.035,  0.006
21999.44335, 3,  -0.118,  0.039, 10.160, 4,  -0.001, -0.002,  0.000, 5,   3.513,-37.468,-13.536, 82,   0.002, -0.016, -0.032
21999.46337, 3,  -0.059,  0.059, 10.160, 4,   0.000, -0.002,  0.004, 5,   2.991,-37.292,-15.746, 82,  -0.036, -0.034, -0.107
21999.48354, 3,  -0.098,  0.039, 10.160, 4,  -0.001,  0.002,  0.000, 5,   2.817,-37.119,-13.197, 82,   0.022, -0.014, -0.103
21999.50365, 3,  -0.078,  0.078, 10.199, 4,  -0.001, -0.002,  0.003, 5,   1.945,-35.896,-14.726, 82,  -0.017, -0.032, -0.100
21999.52382, 3,  -0.059,  0.118, 10.258, 4,   0.002,  0.001, -0.002, 5,   1.945,-35.547,-15.067, 82,   0.002,  0.006, -0.059
21999.54396, 3,  -0.059,  0.137, 10.297, 4,  -0.001,  0.002,  0.003, 5,   3.339,-37.642,-14.726, 82,   0.021,  0.044,  0.000
21999.56536, 3,  -0.098,  0.118, 10.258, 4,   0.004,  0.004, -0.005, 5,   2.295,-37.642,-14.047, 82,   0.021,  0.061,  0.038
21999.58425, 3,  -0.098,  0.137, 10.238, 4,   0.002,  0.004, -0.002, 5,   2.817,-37.816,-13.876, 82,  -0.016,  0.040, -0.001
21999.60442, 3,  -0.098,  0.118, 10.219, 4,   0.000,  0.001, -0.007, 5,   2.121,-37.119,-14.217, 82,  -0.015,  0.057, -0.020
21999.62453, 3,  -0.098,  0.137, 10.258, 4,   0.003,  0.002, -0.006, 5,   1.772,-35.721,-13.876, 82,  -0.015,  0.036, -0.038
21999.64470, 3,  -0.098,  0.078, 10.219, 4,   0.002,  0.001, -0.003, 5,   1.424,-37.816,-14.217, 82,  -0.014,  0.053,  0.001
21999.66481, 3,  -0.157,  0.098, 10.258, 4,   0.000,  0.004, -0.005, 5,   3.687,-35.547,-14.726, 82,  -0.013, -0.006, -0.037
21999.68493, 3,  -0.157,  0.137, 10.356, 4,   0.000, -0.003, -0.003, 5,   0.728,-36.769,-13.876, 82,  -0.069,  0.013,  0.002
21999.70510, 3,  -0.118,  0.098, 10.317, 4,   0.004, -0.001, -0.005, 5,   3.860,-37.468,-15.576, 82,  -0.027,  0.010,  0.056
21999.72521, 3,  -0.118,  0.098, 10.336, 4,   0.004, -0.001, -0.003, 5,   2.643,-37.642,-14.047
21999.74538, 3,  -0.059,  0.098, 10.277, 4,   0.007,  0.001,  0.000, 5,   2.295,-36.943,-14.386, 82,  -0.026,  0.009,  0.073
21999.76552, 3,  -0.098,  0.059, 10.277, 4,   0.002,  0.001,  0.003, 5,   1.424,-38.515,-14.896, 82,   0.031,  0.007,  0.014
21999.78566, 3,  -0.098,  0.059, 10.258, 4,  -0.002, -0.001,  0.003, 5,   1.772,-37.468,-15.236, 82,  -0.008, -0.029, -0.006
21999.80577, 3,  -0.098,  0.039, 10.336, 4,  -0.001, -0.004, -0.001, 5,   2.817,-36.070,-14.217, 82,  -0.008, -0.047,  0.070
21999.82595, 3,  -0.137,  0.059, 10.238, 4,  -0.001,  0.002,  0.003, 5,   3.165,-36.769,-15.236
21999.84609, 3,  -0.098,  0.059, 10.219, 4,   0.003,  0.001,  0.000, 5,   2.121,-37.119,-13.876
21999.86623, 3,  -0.059,  0.098, 10.238, 4,   0.000,  0.001,  0.002, 5,   4.208,-36.070,-13.876, 82,  -0.006, -0.026, -0.045
21999.88637, 3,  -0.059,  0.078, 10.179, 4,  -0.001,  0.001, -0.001, 5,   1.598,-37.642,-15.067, 82,   0.033,  0.012, -0.025
21999.90651, 3,  -0.118,  0.078, 10.238, 4,  -0.001,  0.001, -0.002, 5,   2.295,-37.292,-14.047, 82,  -0.026, -0.006, -0.021
21999.92662, 3,  -0.059,  0.118, 10.277, 4,  -0.002,  0.002,  0.003, 5,   2.295,-37.991,-15.746
21999.94777, 3,  -0.059,  0.078, 10.258, 4,   0.002,  0.001,  0.000, 5,   3.165,-38.165,-14.557, 82,   0.032,  0.032,  0.017
21999.96694, 3,  -0.098,  0.098, 10.277, 4,  -0.001,  0.002,  0.003, 5,   2.817,-37.468,-15.236, 82,   0.031, -0.007, -0.002
21999.98708, 3,  -0.098,  0.098, 10.258, 4,  -0.003, -0.003, -0.001, 5,   2.469,-37.119,-14.557, 82,  -0.008,  0.012,  0.017
22000.00722, 3,  -0.098,  0.098, 10.297, 4,  -0.002, -0.002,  0.003, 5,   4.034,-36.943,-14.047, 82,  -0.008,  0.013, -0.003
22000.02736, 3,  -0.059,  0.078, 10.297, 4,   0.000,  0.001, -0.002, 5,   2.469,-36.420,-15.236, 82,   0.030, -0.007,  0.034
22000.04750, 3,  -0.098,  0.078, 10.238, 4,   0.003,  0.002, -0.005, 5,   2.295,-36.943,-14.386
22000.06765, 3,  -0.078,  0.098, 10.277, 4,  -0.001, -0.002, -0.003, 5,   1.772,-37.816,-13.536, 82,  -0.009, -0.007, -0.024
22000.08779, 3,  -0.059,  0.098, 10.238, 4,   0.003, -0.003, -0.005, 5,   2.295,-36.943,-15.746, 82,   0.010,  0.012,  0.015
22000.10793, 3,  -0.059,  0.118, 10.199, 4,   0.000, -0.002, -0.002, 5,   1.424,-37.119,-14.557, 82,   0.028,  0.011, -0.024
22000.12804, 3,  -0.098,  0.098, 10.199, 4,  -0.002, -0.003, -0.001, 5,   3.165,-38.165,-16.595, 82,   0.027,  0.030, -0.061
22000.14818, 3,  -0.118,  0.078, 10.199, 4,  -0.003,  0.002,  0.004, 5,   2.469,-37.468,-14.896, 82,  -0.012,  0.010, -0.059
22000.16835, 3,  -0.078,  0.098, 10.356, 4,  -0.003, -0.003, -0.001, 5,   3.513,-36.420,-15.576, 82,   0.008,  0.011,  0.097
22000.18847, 3,  -0.059,  0.078, 10.356, 4,  -0.002,  0.002, -0.003, 5,   2.469,-37.119,-14.896
22000.20861, 3,  -0.118,  0.078, 10.277, 4,  -0.003, -0.001,  0.003, 5,   2.991,-35.896,-14.386, 82,   0.027, -0.008,  0.093
22000.22881, 3,  -0.039,  0.078, 10.219, 4,   0.003,  0.001,  0.000, 5,   2.991,-35.896,-14.726, 82,  -0.031, -0.007,  0.015
22000.24892, 3,  -0.059,  0.098, 10.238, 4,  -0.001,  0.001, -0.002, 5,   3.339,-36.594,-15.405, 82,   0.026,  0.012, -0.022
22000.26906, 3,  -0.059,  0.098, 10.277, 4,   0.004,  0.005,  0.008, 5,   2.121,-37.119,-14.557
22000.28917, 3,  -0.118,  0.078, 10.258, 4,   0.003,  0.002, -0.005, 5,   2.991,-37.292,-15.067, 82,   0.026,  0.011,  0.016
22000.30935, 3,  -0.137,  0.078, 10.258, 4,  -0.004,  0.001, -0.001, 5,   2.991,-37.292,-16.086, 82,  -0.049, -0.008, -0.003
22000.32961, 3,  -0.157,  0.078, 10.219, 4,   0.000,  0.003, -0.001, 5,   3.339,-36.943,-15.405
22000.34963, 3,  -0.078,  0.039, 10.219, 4,   0.000,  0.001, -0.006, 5,   1.076,-36.420,-14.557, 82,  -0.066, -0.008, -0.041
22000.36977, 3,  -0.078,  0.098, 10.219, 4,  -0.003, -0.002, -0.001, 5,   1.772,-37.119,-14.557, 82,   0.012, -0.045, -0.040
22000.38988, 3,  -0.098,  0.078, 10.120, 4,   0.003,  0.002, -0.002, 5,   3.687,-37.642,-13.707, 82,   0.011,  0.013, -0.038
22000.41002, 3,  -0.118,  0.059, 10.160, 4,  -0.002, -0.002, -0.003, 5,   2.643,-37.642,-15.067, 82,  -0.008, -0.006, -0.132
22000.43016, 3,  -0.078,  0.039, 10.219, 4,   0.000, -0.003, -0.003, 5,   3.513,-37.119,-15.236, 82,  -0.027, -0.025, -0.090
22000.45119, 3,  -0.020,  0.078, 10.258, 4,  -0.003, -0.004,  0.002, 5,   2.469,-37.468,-14.557, 82,   0.011, -0.043, -0.030
22000.47045, 3,  -0.020,  0.059, 10.238, 4,  -0.002,  0.002, -0.001, 5,   3.687,-36.943,-13.707, 82,   0.067, -0.003,  0.009
22000.49065, 3,  -0.078,  0.039, 10.219, 4,  -0.003,  0.002, -0.001, 5,   3.687,-36.244,-13.707, 82,   0.065, -0.021, -0.010
22000.51076, 3,  -0.059,  0.020, 10.258, 4,   0.000,  0.007, -0.006, 5,   2.469,-36.420,-16.595, 82,   0.026, -0.057,  0.010
22000.53090, 3,  -0.059,  0.078, 10.238, 4,  -0.002, -0.002, -0.002, 5,   3.165,-38.165,-14.557
22000.55104, 3,  -0.020,  0.078, 10.317, 4,  -0.001, -0.002, -0.005, 5,   2.295,-36.594,-14.047, 82,   0.062,  0.002,  0.067
22000.57119, 3,  -0.020,  0.098, 10.336, 4,   0.000,  0.004, -0.001, 5,   1.945,-37.642,-14.386, 82,   0.061,  0.021,  0.084
22000.59130, 3,  -0.020,  0.059, 10.356, 4,   0.002,  0.001, -0.002, 5,   1.945,-36.943,-14.386
22000.61147, 3,  -0.059,  0.098, 10.317, 4,  -0.002, -0.004, -0.002, 5,   3.339,-36.594,-14.386, 82,   0.058, -0.018,  0.100
22000.63161, 3,  -0.039,  0.078, 10.238, 4,   0.003, -0.002, -0.001, 5,   2.121,-36.769,-15.236, 82,   0.018,  0.021,  0.059
22000.65175, 3,  -0.020,  0.059, 10.199, 4,  -0.003,  0.001, -0.002, 5,   2.643,-37.642,-15.067, 82,   0.036,  0.001, -0.019
22000.67189, 3,  -0.059,  0.059, 10.258, 4,   0.002,  0.001,  0.000, 5,   1.598,-36.594,-16.086, 82,   0.054, -0.018, -0.056
22000.69204, 3,  -0.118,  0.078, 10.277, 4,   0.002,  0.002, -0.003, 5,   3.513,-36.769,-14.557, 82,  -0.043,  0.002,  0.021
22000.71218, 3,  -0.078,  0.078, 10.277, 4,   0.000, -0.002,  0.003, 5,   2.121,-37.119,-14.896
22000.73232, 3,  -0.078,  0.078, 10.297, 4,   0.002,  0.002, -0.003, 5,   2.643,-37.642,-14.386, 82,  -0.004,  0.002,  0.021
22000.75246, 3,  -0.078,  0.078, 10.297, 4,   0.003,  0.001, -0.001, 5,   3.687,-35.197,-15.405, 82,  -0.003,  0.001,  0.039
22000.77260, 3,  -0.059,  0.137, 10.336, 4,   0.002, -0.001, -0.001, 5,   3.687,-37.642,-14.386, 82,  -0.003,  0.001,  0.038
22000.79274, 3,  -0.059,  0.078, 10.336, 4,   0.000, -0.003, -0.005, 5,   2.469,-36.769,-14.557, 82,   0.015,  0.057,  0.074
22000.81289, 3,  -0.059,  0.098, 10.317, 4,   0.003,  0.002,  0.000, 5,   2.469,-37.816,-14.896, 82,   0.015, -0.002,  0.072
22000.83370, 3,  -0.020,  0.059, 10.336, 4,   0.002,  0.001,  0.000, 5,   3.339,-36.594,-14.047, 82,   0.015,  0.017,  0.050
22000.85317, 3,  -0.059,  0.059, 10.258, 4,   0.002, -0.007, -0.006, 5,   2.469,-37.816,-13.536, 82,   0.011, -0.022, -0.010
22000.87331, 3,  -0.078,  0.059, 10.258, 4,   0.002, -0.001,  0.003, 5,   2.643,-36.943,-13.707, 82,  -0.008, -0.021, -0.010
22000.89345, 3,  -0.059,  0.078, 10.297, 4,   0.000,  0.001, -0.001, 5,   2.121,-36.420,-14.557
22000.91359, 3,  -0.039,  0.098, 10.317, 4,   0.002,  0.003,  0.000, 5,   2.817,-36.769,-14.896, 82,   0.011, -0.002,  0.028
22000.93374, 3,  -0.059,  0.078, 10.238, 4,   0.002,  0.001,  0.000, 5,   4.208,-35.721,-14.217, 82,   0.010, -0.003, -0.031
22000.95391, 3,  -0.059,  0.059, 10.238, 4,  -0.002, -0.002, -0.003, 5,   1.945,-38.690,-14.726
22000.97402, 3,  -0.039,  0.059, 10.258, 4,  -0.007, -0.003, -0.001, 5,   2.643,-36.244,-15.067, 82,   0.009, -0.021, -0.030
22000.99413, 3,  -0.078,  0.098, 10.258, 4,  -0.004,  0.001,  0.002, 5,   3.339,-36.943,-14.386, 82,   0.028, -0.019, -0.010
22001.01430, 3,  -0.098,  0.078, 10.317, 4,  -0.001, -0.001,  0.002, 5,   2.991,-37.292,-14.047, 82,  -0.011,  0.020, -0.010
22001.03444, 3,  -0.118,  0.059, 10.297, 4,   0.000,  0.001,  0.003, 5,   1.945,-36.943,-14.726, 82,  -0.030,  0.001,  0.047
22001.05458, 3,  -0.118,  0.059, 10.356, 4,  -0.002,  0.002, -0.005, 5,   2.295,-35.896,-15.405, 82,  -0.048, -0.018,  0.027
22001.07473, 3,  -0.059,  0.039, 10.375, 4,  -0.001,  0.001,  0.002, 5,   4.208,-36.070,-13.876, 82,  -0.046, -0.017,  0.083
22001.09484, 3,  -0.078,  0.118, 10.258, 4,  -0.001,  0.002, -0.002, 5,   2.121,-37.468,-15.576, 82,  -0.006,  0.042, -0.018
22001.11501, 3,  -0.039,  0.118, 10.317, 4,   0.000,  0.001, -0.002, 5,   4.034,-36.244,-14.386
22001.13515, 3,  -0.039,  0.098, 10.336, 4,   0.003, -0.002,  0.003, 5,   4.208,-36.420,-14.896, 82,   0.032,  0.040,  0.039
22001.15529, 3,  -0.020,  0.098, 10.297, 4,   0.004,  0.002, -0.006, 5,   1.945,-35.896,-14.047, 82,   0.031,  0.019,  0.057
22001.17543, 3,  -0.059,  0.118, 10.375, 4,  -0.004, -0.001, -0.001, 5,   2.817,-36.420,-14.896, 82,   0.009,  0.037,  0.093
22001.19555, 3,  -0.078,  0.098, 10.336, 4,   0.000,  0.002,  0.002, 5,   2.121,-36.420,-14.896
22001.21572, 3,  -0.098,  0.078, 10.317, 4,   0.003,  0.001,  0.000, 5,   2.469,-36.070,-14.217, 82,  -0.010,  0.017,  0.052
22001.23583, 3,  -0.078,  0.118, 10.277, 4,   0.002, -0.002,  0.000, 5,   2.295,-35.896,-14.047, 82,  -0.029, -0.003,  0.031
22001.25597, 3,  -0.059,  0.118, 10.258, 4,  -0.002, -0.001,  0.002, 5,   4.382,-35.547,-14.726, 82,  -0.009,  0.035, -0.008
22001.27614, 3,  -0.098,  0.118, 10.238, 4,  -0.001,  0.003,  0.000, 5,   2.295,-36.594,-14.047, 82,   0.011,  0.034, -0.027
22001.29628, 3,  -0.098,  0.098, 10.238, 4,  -0.002,  0.004, -0.001, 5,   3.513,-36.769,-15.576, 82,  -0.027,  0.033, -0.045
22001.31639, 3,  -0.098,  0.059, 10.179, 4,   0.002,  0.003,  0.003, 5,   4.208,-36.420,-13.536, 82,  -0.024, -0.026, -0.099
22001.33773, 3,  -0.137,  0.078, 10.238, 4,   0.003,  0.003,  0.000, 5,   1.772,-37.468,-13.876
22001.35671, 3,  -0.098,  0.098, 10.277, 4,  -0.003,  0.003,  0.002, 5,   1.772,-35.721,-14.896, 82,  -0.060, -0.006, -0.039
22001.37685, 3,  -0.078,  0.098, 10.297, 4,  -0.001,  0.001,  0.000, 5,   1.598,-35.896,-14.047, 82,  -0.020,  0.013,  0.001
22001.39699, 3,  -0.078,  0.118, 10.297, 4,  -0.001,  0.002, -0.003, 5,   2.991,-37.292,-15.067, 82,  -0.000,  0.013,  0.020
22001.41710, 3,  -0.098,  0.098, 10.277, 4,   0.000, -0.002,  0.002, 5,   2.991,-35.547,-14.386, 82,  -0.000,  0.032,  0.019
22001.43728, 3,  -0.078,  0.078, 10.336, 4,   0.000,  0.003, -0.003, 5,   2.643,-35.547,-14.726, 82,  -0.019,  0.012, -0.001
22001.45742, 3,  -0.118,  0.098, 10.317, 4,  -0.002,  0.001, -0.002, 5,   3.860,-36.769,-14.217, 82,  -0.037,  0.012,  0.035
22001.47756, 3,  -0.098,  0.098, 10.258, 4,  -0.002,  0.003,  0.004, 5,   3.339,-36.244,-13.707, 82,  -0.016,  0.012, -0.023
22001.49770, 3,  -0.118,  0.078, 10.277, 4,   0.000, -0.001,  0.000, 5,   1.076,-36.420,-14.557, 82,  -0.035, -0.008, -0.003
22001.51784, 3,  -0.118,  0.098, 10.258, 4,   0.002, -0.002,  0.003, 5,   3.860,-37.119,-13.536
22001.53795, 3,  -0.137,  0.098, 10.297, 4,   0.004,  0.002,  0.000, 5,   2.643,-38.341,-14.047, 82,  -0.034,  0.011, -0.022
22001.55809, 3,  -0.098,  0.059, 10.258, 4,   0.004,  0.002,  0.002, 5,   2.643,-35.896,-13.707, 82,  -0.011, -0.029, -0.022
22001.57824, 3,  -0.098,  0.078, 10.219, 4,  -0.002,  0.004,  0.005, 5,   3.165,-37.468,-15.236, 82,  -0.010, -0.009, -0.059
22001.59838, 3,  -0.059,  0.078, 10.238, 4,   0.003,  0.001, -0.005, 5,   3.339,-36.594,-14.386, 82,   0.028, -0.009, -0.038
22001.61855, 3,  -0.078,  0.098, 10.238, 4,   0.003, -0.003,  0.000, 5,   2.643,-36.594,-13.367
22001.63869, 3,  -0.059,  0.098, 10.238, 4,  -0.008, -0.003, -0.003, 5,   3.165,-36.769,-14.557, 82,   0.026,  0.011, -0.035
22001.65883, 3,  -0.020,  0.078, 10.258, 4,   0.000,  0.001, -0.005, 5,   4.208,-37.119,-15.236
22001.67894, 3,  -0.039,  0.118, 10.317, 4,  -0.001,  0.001, -0.001, 5,   1.076,-36.769,-13.536, 82,   0.063, -0.008, -0.015
22001.69912, 3,  -0.059,  0.118, 10.258, 4,  -0.003, -0.003, -0.002, 5,   3.165,-35.371,-15.236, 82,   0.042,  0.030,  0.042
22001.72002, 3,  -0.059,  0.098, 10.277, 4,   0.000,  0.001,  0.002, 5,   3.165,-37.468,-14.217, 82,   0.021,  0.029, -0.016
22001.73937, 3,  -0.078,  0.098, 10.258, 4,  -0.001, -0.001,  0.000, 5,   2.295,-36.594,-12.688, 82,   0.020,  0.010,  0.003
22001.75954, 3,  -0.078,  0.098, 10.336, 4,  -0.002, -0.002, -0.001, 5,   3.165,-37.119,-14.557, 82,   0.000,  0.010, -0.016
22001.77968, 3,  -0.098,  0.078, 10.336, 4,   0.004, -0.001, -0.002, 5,   2.991,-37.991,-14.386, 82,   0.000,  0.009,  0.061
22001.79982, 3,  -0.078,  0.059, 10.277, 4,   0.002, -0.002, -0.002, 5,   3.165,-36.769,-13.536, 82,  -0.019, -0.011,  0.059
22001.81997, 3,  -0.078,  0.039, 10.277, 4,   0.000,  0.001, -0.002, 5,   1.598,-37.292,-14.726, 82,   0.000, -0.030, -0.000
22001.84014, 3,  -0.078,  0.098, 10.258, 4,   0.000, -0.004, -0.005, 5,   3.339,-36.943,-13.367, 82,  -0.000, -0.048, -0.000
22001.86022, 3,  -0.059,  0.078, 10.219, 4,   0.003,  0.001, -0.003, 5,   2.295,-37.642,-14.726, 82,  -0.000,  0.010, -0.019
22001.88039, 3,  -0.078,  0.118, 10.258, 4,   0.000, -0.002,  0.000, 5,   2.121,-37.468,-13.876, 82,   0.018, -0.009, -0.056
22001.90053, 3,  -0.078,  0.039, 10.336, 4,  -0.001,  0.002, -0.003, 5,   2.817,-36.769,-14.557, 82,  -0.001,  0.029, -0.017
22001.92067, 3,  -0.098,  0.039, 10.297, 4,   0.002, -0.001,  0.000, 5,   2.295,-36.244,-14.386, 82,  -0.020, -0.046,  0.020
22001.94082, 3,  -0.098,  0.098, 10.317, 4,  -0.001,  0.001, -0.001, 5,   2.295,-35.547,-14.726
22001.96093, 3,  -0.020,  0.098, 10.297, 4,   0.004, -0.001, -0.001, 5,   1.945,-37.292,-16.086, 82,  -0.019,  0.012,  0.038
22001.98107, 3,  -0.020,  0.039, 10.258, 4,   0.000,  0.001, -0.003, 5,   1.250,-35.896,-14.047, 82,   0.057,  0.011,  0.018
22002.00121, 3,  -0.078,  0.059, 10.336, 4,   0.000,  0.004,  0.002, 5,   2.295,-37.642,-14.386, 82,   0.056, -0.046, -0.021
22002.02138, 3,  -0.098,  0.078, 10.277, 4,   0.000, -0.001, -0.007, 5,   1.424,-36.420,-14.896, 82,  -0.003, -0.026,  0.056
22002.04152, 3,  -0.098,  0.078, 10.317, 4,  -0.002, -0.001, -0.001, 5,   2.295,-37.292,-13.707, 82,  -0.022, -0.006, -0.003
22002.06163, 3,  -0.098,  0.098, 10.336, 4,   0.000,  0.008, -0.001, 5,   2.817,-36.420,-14.557, 82,  -0.020, -0.006,  0.035
22002.08178, 3,  -0.059,  0.078, 10.395, 4,   0.003,  0.004, -0.005, 5,   0.902,-36.943,-14.047, 82,  -0.018,  0.013,  0.053
22002.10204, 3,  -0.098,  0.098, 10.297, 4,  -0.002,  0.001, -0.007, 5,   4.034,-36.594,-15.405, 82,  -0.018,  0.013,  0.010
22002.12203, 3,  -0.098,  0.078, 10.238, 4,  -0.001, -0.002,  0.000, 5,   2.295,-37.642,-13.367
22002.14220, 3,  -0.059,  0.078, 10.238, 4,  -0.004, -0.002, -0.008, 5,   2.817,-37.119,-14.896, 82,   0.020, -0.005, -0.046
22002.16234, 3,  -0.078,  0.039, 10.199, 4,  -0.002, -0.001, -0.006, 5,   1.945,-36.594,-14.726
22002.18245, 3,  -0.098,  0.098, 10.277, 4,   0.002,  0.001, -0.005, 5,   2.469,-35.022,-13.536, 82,  -0.018,  0.016, -0.004
22002.20263, 3,  -0.098,  0.098, 10.219, 4,  -0.001, -0.002, -0.002, 5,   1.250,-37.642,-15.067
22002.22350, 3,  -0.118,  0.020, 10.258, 4,  -0.006,  0.003, -0.003, 5,   1.250,-36.594,-13.707, 82,  -0.018,  0.016, -0.061
22002.24288, 3,  -0.118,  0.020, 10.199, 4,   0.000, -0.003,  0.000, 5,   3.339,-36.244,-14.047, 82,  -0.036, -0.060, -0.021
22002.26305, 3,  -0.098,  0.039, 10.238, 4,  -0.002,  0.001, -0.003, 5,   1.424,-36.070,-13.876, 82,  -0.015, -0.037, -0.036
22002.28322, 3,  -0.118,  0.078, 10.297, 4,   0.003, -0.003,  0.000, 5,   1.772,-36.769,-13.876
22002.30336, 3,  -0.059,  0.059, 10.258, 4,  -0.001, -0.006,  0.000, 5,   2.295,-36.244,-13.707, 82,  -0.035,  0.002,  0.022
22002.32351, 3,  -0.078,  0.137, 10.317, 4,  -0.001, -0.008, -0.003, 5,   2.121,-37.119,-13.876, 82,   0.022, -0.017, -0.017
22002.34365, 3,  -0.078,  0.098, 10.219, 4,  -0.004,  0.001, -0.007, 5,   1.945,-35.547,-14.726, 82,   0.001,  0.020, -0.056
22002.36376, 3,  -0.118,  0.078, 10.238, 4,   0.002, -0.003, -0.005, 5,   3.165,-34.674,-15.576
22002.38390, 3,  -0.157,  0.098, 10.297, 4,  -0.006,  0.004, -0.002, 5,   3.165,-37.468,-14.557, 82,  -0.036,  0.001, -0.035
22002.40404, 3,  -0.039,  0.118, 10.336, 4,   0.002, -0.001,  0.002, 5,   1.772,-37.816,-16.255, 82,   0.043,  0.039,  0.060
22002.42418, 3,  -0.020,  0.098, 10.336, 4,  -0.002,  0.002,  0.000, 5,   3.687,-35.896,-14.386
22002.44436, 3,  -0.078,  0.118, 10.238, 4,  -0.002,  0.003,  0.006, 5,   3.165,-37.119,-14.217, 82,   0.061,  0.019,  0.058
22002.46447, 3,  -0.078,  0.118, 10.258, 4,  -0.003,  0.003, -0.006, 5,   1.945,-35.197,-14.047, 82,   0.003,  0.038, -0.038
22002.48464, 3,  -0.098,  0.098, 10.277, 4,   0.005, -0.003,  0.003, 5,   3.860,-36.769,-15.236, 82,   0.003,  0.036, -0.018
22002.50475, 3,  -0.078,  0.098, 10.356, 4,   0.003, -0.002, -0.005, 5,   2.817,-36.070,-14.896, 82,  -0.017,  0.015,  0.001
22002.52492, 3,  -0.137,  0.098, 10.258, 4,   0.002, -0.001,  0.000, 5,   2.295,-37.642,-15.405, 82,   0.003,  0.014,  0.077
22002.54506, 3,  -0.157,  0.118, 10.238, 4,  -0.006,  0.001, -0.001, 5,   2.469,-37.119,-15.576, 82,  -0.054,  0.014, -0.020
22002.56517, 3,  -0.078,  0.059, 10.258, 4,   0.000,  0.002,  0.000, 5,   2.469,-36.769,-15.236, 82,  -0.071,  0.033, -0.038
22002.58535, 3,  -0.020,  0.098, 10.258, 4,   0.005,  0.004,  0.000, 5,   2.991,-36.244,-15.067, 82,   0.008, -0.025, -0.018
22002.60625, 3,  -0.078,  0.098, 10.317, 4,  -0.004,  0.002, -0.002, 5,   2.991,-36.594,-14.726, 82,   0.065,  0.013, -0.018
22002.62563, 3,  -0.059,  0.098, 10.317, 4,  -0.001, -0.003, -0.006, 5,   0.902,-36.943,-15.067, 82,   0.006,  0.013,  0.040
22002.64577, 3,  -0.059,  0.059, 10.179, 4,  -0.001, -0.006, -0.009, 5,   2.991,-36.943,-13.707, 82,   0.024,  0.013,  0.039
22002.66588, 3,  -0.098,  0.059, 10.179, 4,  -0.001,  0.001, -0.006, 5,   2.991,-37.292,-15.067, 82,   0.022, -0.025, -0.095
22002.68608, 3,  -0.098,  0.078, 10.258, 4,  -0.001,  0.007, -0.007, 5,   2.469,-38.165,-14.557, 82,  -0.016, -0.024, -0.092
22002.70617, 3,  -0.118,  0.098, 10.258, 4,  -0.003,  0.003, -0.003, 5,   2.817,-36.420,-14.217, 82,  -0.014, -0.004, -0.013
22002.72637, 3,  -0.059,  0.078, 10.317, 4,   0.004,  0.003, -0.005, 5,   2.643,-37.292,-15.746, 82,  -0.032,  0.015, -0.013
22002.74645, 3,  -0.078,  0.078, 10.277, 4,   0.000, -0.002, -0.003, 5,   3.860,-36.769,-14.896, 82,   0.006, -0.005,  0.005
22002.76662, 3,  -0.098,  0.039, 10.238, 4,  -0.002,  0.002,  0.003, 5,   2.817,-38.864,-15.236, 82,  -0.013, -0.042, -0.033
22002.78679, 3,  -0.137,  0.059, 10.238, 4,  -0.003,  0.002, -0.001, 5,   2.817,-36.420,-14.217
22002.80690, 3,  -0.078,  0.078, 10.199, 4,  -0.001,  0.004, -0.001, 5,   2.121,-36.420,-13.876, 82,  -0.050, -0.021, -0.032
22002.82705, 3,  -0.059,  0.118, 10.317, 4,  -0.002, -0.004,  0.000, 5,   2.643,-35.547,-14.726, 82,   0.009, -0.001, -0.069
22002.84719, 3,  -0.118,  0.098, 10.297, 4,  -0.003,  0.002, -0.002, 5,   1.945,-37.292,-15.746, 82,   0.027,  0.037,  0.047
22002.86733, 3,  -0.098,  0.098, 10.258, 4,   0.002,  0.001,  0.000, 5,   3.687,-37.292,-15.067, 82,  -0.030,  0.017,  0.027
22002.88747, 3,  -0.098,  0.118, 10.317, 4,   0.003, -0.003,  0.002, 5,   2.121,-37.119,-15.915, 82,  -0.010,  0.035,  0.045
22002.90761, 3,  -0.098,  0.078, 10.336, 4,  -0.002,  0.003, -0.006, 5,   3.513,-37.119,-14.557
22002.92775, 3,  -0.118,  0.098, 10.336, 4,   0.002,  0.002, -0.003, 5,   1.945,-35.547,-14.386, 82,  -0.009, -0.004,  0.063
22002.94790, 3,  -0.098,  0.059, 10.336, 4,  -0.002, -0.002, -0.005, 5,   2.817,-37.119,-15.236, 82,  -0.028,  0.015,  0.061
22002.96804, 3,  -0.098,  0.059, 10.317, 4,  -0.004,  0.003, -0.001, 5,   1.424,-35.371,-14.896, 82,  -0.008, -0.023,  0.059
22002.98821, 3,  -0.078,  0.098, 10.277, 4,   0.002,  0.001, -0.007, 5,   2.121,-37.468,-13.876, 82,   0.012,  0.017, -0.002
22003.00829, 3,  -0.098,  0.059, 10.317, 4,  -0.002,  0.001, -0.002, 5,   1.250,-37.991,-13.707
22003.02846, 3,  -0.137,  0.098, 10.317, 4,  -0.003,  0.003,  0.002, 5,   2.991,-37.292,-13.707, 82,  -0.007, -0.021,  0.036
22003.04860, 3,  -0.137,  0.059, 10.277, 4,   0.002, -0.001,  0.002, 5,   2.817,-36.420,-15.576, 82,  -0.045,  0.017,  0.035
22003.06874, 3,  -0.137,  0.059, 10.336, 4,  -0.001,  0.007, -0.003, 5,   1.424,-37.119,-15.915, 82,  -0.042, -0.021, -0.004
22003.08889, 3,  -0.098,  0.098, 10.277, 4,   0.003, -0.004, -0.001, 5,   2.817,-35.721,-14.557, 82,  -0.041, -0.021,  0.053
22003.10979, 3,  -0.098,  0.059, 10.277, 4,   0.002, -0.006, -0.006, 5,   3.687,-37.292,-14.386, 82,  -0.002,  0.018, -0.006
22003.12917, 3,  -0.118,  0.059, 10.277, 4,   0.000,  0.001, -0.003, 5,   2.469,-36.070,-14.217, 82,  -0.003, -0.021, -0.005
22003.14928, 3,  -0.078,  0.098, 10.258, 4,  -0.003,  0.001,  0.002, 5,   2.817,-37.119,-14.557, 82,  -0.022, -0.020, -0.005
22003.16948, 3,  -0.039,  0.039, 10.297, 4,   0.000,  0.003, -0.002, 5,   1.772,-37.468,-15.236, 82,   0.055, -0.039,  0.015
22003.18959, 3,  -0.039,  0.078, 10.356, 4,  -0.003,  0.001, -0.001, 5,   2.643,-37.991,-15.067
22003.20974, 3,  -0.098,  0.078, 10.277, 4,  -0.001,  0.003,  0.002, 5,   3.165,-37.468,-14.896, 82,   0.054,  0.001,  0.071
22003.22985, 3,  -0.078,  0.039, 10.297, 4,  -0.001, -0.003,  0.003, 5,   1.772,-37.119,-14.557, 82,  -0.005,  0.001, -0.007
22003.25002, 3,  -0.059,  0.039, 10.317, 4,   0.002, -0.002, -0.003, 5,   3.513,-37.468,-14.557, 82,   0.032, -0.036,  0.031
22003.27016, 3,  -0.098,  0.020, 10.277, 4,   0.003, -0.001, -0.002, 5,   2.295,-35.896,-13.367
22003.29030, 3,  -0.118,  0.078, 10.238, 4,   0.002,  0.001,  0.004, 5,   2.121,-37.119,-15.576, 82,  -0.007, -0.054, -0.008
22003.31044, 3,  -0.078,  0.098, 10.297, 4,   0.004, -0.001,  0.003, 5,   2.121,-36.769,-15.236, 82,  -0.026,  0.004, -0.046
22003.33059, 3,  -0.059,  0.118, 10.336, 4,   0.003, -0.002, -0.005, 5,   2.295,-36.943,-14.726, 82,   0.031,  0.040,  0.050
22003.35070, 3,  -0.059,  0.137, 10.395, 4,   0.002, -0.002, -0.002, 5,   1.076,-37.468,-15.236
22003.37084, 3,  -0.078,  0.137, 10.317, 4,   0.000,  0.004, -0.001, 5,   3.339,-35.896,-15.067, 82,   0.011,  0.055,  0.026
22003.39101, 3,  -0.078,  0.137, 10.297, 4,  -0.001,  0.002, -0.002, 5,   3.339,-35.547,-14.047
22003.41112, 3,  -0.118,  0.098, 10.317, 4,  -0.001, -0.002, -0.001, 5,   1.250,-36.244,-14.047, 82,   0.010,  0.054,  0.006
22003.43126, 3,  -0.098,  0.020, 10.317, 4,  -0.002, -0.006, -0.003, 5,   4.034,-35.896,-14.386, 82,  -0.029,  0.014,  0.025
22003.45144, 3,  -0.098,  0.039, 10.179, 4,  -0.002, -0.006,  0.002, 5,   3.687,-37.292,-13.707, 82,  -0.010, -0.062,  0.024
22003.47158, 3,  -0.098,  0.078, 10.277, 4,  -0.001, -0.002,  0.004, 5,   2.469,-36.769,-16.255, 82,  -0.010, -0.041, -0.110
22003.49212, 3,  -0.118,  0.098, 10.317, 4,  -0.001,  0.004, -0.005, 5,   2.643,-37.292,-15.746, 82,  -0.010, -0.001, -0.011
22003.51186, 3,  -0.078,  0.078, 10.356, 4,   0.005, -0.001, -0.003, 5,   3.165,-36.070,-16.255, 82,  -0.028,  0.017,  0.027
22003.53197, 3,  -0.098,  0.078, 10.356, 4,  -0.003, -0.002, -0.005, 5,   3.860,-37.816,-14.217, 82,   0.010, -0.002,  0.064
22003.55214, 3,  -0.098,  0.078, 10.219, 4,  -0.001,  0.001, -0.003, 5,   1.424,-37.816,-14.896, 82,  -0.009, -0.002, -0.073
22003.57228, 3,  -0.059,  0.078, 10.238, 4,  -0.001, -0.006, -0.002, 5,   3.513,-35.721,-15.236
22003.59242, 3,  -0.078,  0.118, 10.258, 4,   0.000,  0.001, -0.002, 5,   1.945,-36.594,-14.047, 82,   0.029, -0.002, -0.051
22003.61253, 3,  -0.098,  0.118, 10.258, 4,  -0.001,  0.001,  0.002, 5,   3.513,-37.119,-14.217, 82,   0.009,  0.036, -0.031
22003.63267, 3,  -0.098,  0.118, 10.297, 4,  -0.001, -0.004, -0.001, 5,   2.121,-36.420,-16.255, 82,  -0.011,  0.034,  0.009
22003.65281, 3,  -0.059,  0.137, 10.317, 4,  -0.002,  0.001, -0.005, 5,   2.643,-36.244,-13.707
22003.67299, 3,  -0.078,  0.098, 10.277, 4,  -0.001,  0.005,  0.002, 5,   0.902,-35.547,-15.067, 82,   0.028,  0.053,  0.028
22003.69313, 3,  -0.059,  0.059, 10.258, 4,   0.002, -0.002, -0.002, 5,   3.165,-36.070,-14.217, 82,   0.008,  0.013, -0.011
22003.71324, 3,  -0.059,  0.098, 10.297, 4,   0.002,  0.001, -0.003, 5,   2.643,-36.244,-15.405, 82,   0.027, -0.026, -0.030
22003.73341, 3,  -0.059,  0.118, 10.277, 4,  -0.001,  0.008,  0.000, 5,   3.165,-38.165,-15.236, 82,   0.027,  0.013,  0.009
22003.75352, 3,  -0.118,  0.118, 10.219, 4,   0.000,  0.001, -0.001, 5,   4.208,-37.816,-14.896, 82,   0.027,  0.031, -0.010
22003.77366, 3,  -0.078,  0.098, 10.258, 4,   0.003,  0.009,  0.000, 5,   1.424,-38.515,-14.896, 82,  -0.030,  0.030, -0.066
22003.79383, 3,  -0.118,  0.098, 10.336, 4,   0.004, -0.003, -0.003, 5,   2.991,-36.943,-13.367, 82,   0.010,  0.009, -0.026
22003.81398, 3,  -0.098,  0.098, 10.277, 4,  -0.004, -0.006, -0.011, 5,   3.165,-37.119,-15.236, 82,  -0.030,  0.009,  0.050
22003.83409, 3,  -0.020,  0.098, 10.277, 4,  -0.002,  0.003, -0.005, 5,   2.991,-35.896,-14.047, 82,  -0.010,  0.009, -0.008
22003.85426, 3,  -0.059,  0.039, 10.219, 4,   0.003,  0.003, -0.002, 5,   2.817,-36.420,-14.896, 82,   0.067,  0.009, -0.008
22003.87443, 3,  -0.059,  0.078, 10.258, 4,  -0.001,  0.002, -0.003, 5,   2.121,-36.769,-15.236, 82,   0.027, -0.048, -0.064
22003.89451, 3,  -0.020,  0.059, 10.258, 4,   0.000, -0.006, -0.002, 5,   2.991,-35.896,-14.386, 82,   0.026, -0.009, -0.024
22003.91468, 3,  -0.039,  0.039, 10.297, 4,   0.003,  0.004,  0.002, 5,   2.817,-35.371,-14.557, 82,   0.063, -0.028, -0.024
22003.93480, 3,  -0.098,  0.078, 10.336, 4,   0.005, -0.003, -0.008, 5,   2.469,-37.468,-13.197, 82,   0.042, -0.047,  0.015
22003.95494, 3,  -0.078, -0.020, 10.258, 4,   0.002, -0.003,  0.002, 5,   2.643,-36.594,-14.386, 82,  -0.017, -0.008,  0.053
22003.97508, 3,   0.000,  0.039, 10.277, 4,  -0.001,  0.002,  0.000, 5,   2.295,-37.642,-15.067, 82,   0.002, -0.103, -0.025
22003.99595, 3,  -0.059,  0.059, 10.336, 4,  -0.001, -0.002, -0.002, 5,   2.469,-37.468,-13.197, 82,   0.078, -0.042, -0.005
22004.01536, 3,  -0.078,  0.078, 10.356, 4,  -0.003, -0.002, -0.001, 5,   2.469,-36.070,-16.595, 82,  -0.001, -0.001,  0.069
22004.03550, 3,  -0.059,  0.118, 10.277, 4,  -0.002,  0.002, -0.002, 5,   4.034,-37.991,-14.047
22004.05565, 3,  -0.039,  0.078, 10.356, 4,  -0.002,  0.001, -0.001, 5,   2.469,-37.119,-15.236, 82,   0.018,  0.037, -0.009
22004.07582, 3,  -0.020,  0.098, 10.258, 4,  -0.006, -0.003, -0.005, 5,   2.121,-35.371,-14.557, 82,   0.054,  0.019, -0.030
22004.09596, 3,  -0.039,  0.059, 10.258, 4,  -0.003,  0.005,  0.000, 5,   3.165,-36.420,-14.557, 82,   0.034, -0.020, -0.029
22004.11607, 3,  -0.020,  0.098, 10.317, 4,   0.002, -0.002,  0.005, 5,   2.991,-37.292,-12.688
22004.13621, 3,  -0.059,  0.118, 10.336, 4,  -0.002, -0.002, -0.005, 5,   1.250,-37.292,-13.707, 82,   0.051,  0.019,  0.029
22004.15638, 3,  -0.039,  0.078, 10.336, 4,   0.000, -0.002, -0.007, 5,   1.424,-38.165,-14.217, 82,   0.030, -0.002,  0.045
22004.17653, 3,  -0.020,  0.098, 10.297, 4,   0.004,  0.003, -0.002, 5,   1.945,-35.547,-14.047, 82,   0.048,  0.016,  0.006
22004.19667, 3,  -0.020,  0.059, 10.317, 4,  -0.001,  0.004,  0.003, 5,   1.598,-35.896,-14.386
22004.21681, 3,  -0.039,  0.098, 10.336, 4,   0.004, -0.001, -0.001, 5,   2.643,-35.547,-14.047, 82,   0.047, -0.022,  0.025
22004.23695, 3,  -0.059,  0.118, 10.317, 4,   0.002, -0.001, -0.002, 5,   2.469,-36.420,-13.876, 82,   0.027,  0.016,  0.043
22004.25706, 3,  -0.078,  0.118, 10.317, 4,  -0.002, -0.002,  0.000, 5,   3.339,-36.943,-14.386, 82,   0.006,  0.034,  0.022
22004.27723, 3,  -0.059,  0.137, 10.297, 4,   0.003,  0.004, -0.001, 5,   2.121,-37.816,-14.896, 82,  -0.013,  0.033,  0.022
22004.29737, 3,  -0.078,  0.078, 10.277, 4,  -0.001,  0.005,  0.005, 5,   2.817,-36.070,-14.896, 82,   0.008,  0.051,  0.002
22004.31752, 3,  -0.059,  0.118, 10.297, 4,   0.000,  0.002,  0.000, 5,   2.121,-36.769,-13.197, 82,  -0.011, -0.008, -0.017
22004.33766, 3,   0.000,  0.118, 10.277, 4,   0.004,  0.008, -0.001, 5,   2.295,-37.292,-15.067, 82,   0.010,  0.030,  0.002
22004.35783, 3,  -0.020,  0.118, 10.219, 4,   0.002, -0.003, -0.002, 5,   3.165,-36.420,-14.217
22004.37825, 3,  -0.078,  0.078, 10.179, 4,   0.000, -0.004, -0.003, 5,   3.165,-36.070,-14.217, 82,   0.045,  0.027, -0.073
22004.39805, 3,  -0.078,  0.098, 10.160, 4,  -0.001, -0.001,  0.000, 5,   2.643,-36.943,-14.726, 82,  -0.014,  0.008, -0.124
22004.41819, 3,  -0.039,  0.118, 10.238, 4,   0.002, -0.002,  0.000, 5,   1.424,-35.371,-14.557
22004.43834, 3,  -0.039,  0.078, 10.160, 4,  -0.003,  0.002,  0.000, 5,   4.034,-38.341,-15.746, 82,   0.024,  0.026, -0.044
22004.45851, 3,  -0.039,  0.078, 10.238, 4,   0.002,  0.002, -0.001, 5,   2.295,-36.244,-15.067, 82,   0.024, -0.012, -0.118
22004.47862, 3,  -0.098,  0.078, 10.219, 4,   0.002,  0.003,  0.000, 5,   2.817,-36.769,-12.857, 82,  -0.033, -0.011, -0.056
22004.49882, 3,  -0.078,  0.078, 10.219, 4,  -0.006,  0.003, -0.002, 5,   2.991,-37.642,-14.726, 82,  -0.013, -0.010, -0.054
22004.51893, 3,   0.000,  0.118, 10.258, 4,  -0.006, -0.001,  0.000, 5,   1.772,-37.119,-15.236
22004.53907, 3,  -0.059,  0.098, 10.277, 4,   0.002,  0.001, -0.001, 5,   1.250,-37.642,-15.405, 82,   0.063,  0.029, -0.014
22004.55919, 3,  -0.039,  0.118, 10.258, 4,  -0.002,  0.003,  0.004, 5,   4.034,-36.244,-15.067, 82,   0.024,  0.028, -0.014
22004.57933, 3,  -0.059,  0.098, 10.297, 4,  -0.002,  0.001, -0.001, 5,   3.687,-37.642,-14.386, 82,   0.004,  0.008,  0.024
22004.59947, 3,  -0.098,  0.039, 10.317, 4,   0.004, -0.001,  0.002, 5,   2.643,-37.991,-14.386, 82,  -0.034, -0.050,  0.042
22004.61961, 3,  -0.118,  0.078, 10.317, 4,  -0.001,  0.003,  0.000, 5,   1.250,-36.943,-13.367
22004.63975, 3,  -0.078,  0.098, 10.317, 4,  -0.001,  0.002,  0.000, 5,   3.165,-36.420,-14.217, 82,  -0.011,  0.010,  0.040
22004.65989, 3,  -0.078,  0.098, 10.297, 4,  -0.001,  0.003, -0.005, 5,   2.295,-36.943,-14.726
22004.68003, 3,  -0.059,  0.098, 10.336, 4,   0.000, -0.001,  0.002, 5,   2.991,-35.896,-14.047, 82,  -0.011,  0.009,  0.019
22004.70018, 3,  -0.098,  0.078, 10.317, 4,  -0.006, -0.002,  0.000, 5,   3.687,-36.244,-14.047, 82,   0.008,  0.009,  0.057
22004.72029, 3,  -0.059,  0.078, 10.297, 4,   0.000,  0.001, -0.002, 5,   1.598,-36.943,-12.347, 82,   0.009, -0.009,  0.016
22004.74046, 3,  -0.059,  0.137, 10.317, 4,   0.002, -0.004,  0.004, 5,   3.165,-37.119,-12.857, 82,   0.008,  0.048,  0.034
22004.76066, 3,  -0.078,  0.098, 10.238, 4,  -0.001,  0.005,  0.004, 5,   3.165,-35.721,-14.557, 82,  -0.010,  0.009, -0.043
22004.78074, 3,  -0.078,  0.078, 10.258, 4,  -0.002,  0.001, -0.008, 5,   2.817,-35.721,-13.197
22004.80091, 3,  -0.059,  0.078, 10.277, 4,   0.000, -0.002, -0.003, 5,   1.945,-36.943,-15.067, 82,   0.009, -0.010, -0.003
22004.82103, 3,  -0.078,  0.098, 10.297, 4,  -0.001, -0.002, -0.008, 5,   1.945,-37.642,-13.707
22004.84117, 3,  -0.078,  0.020, 10.238, 4,   0.004,  0.002, -0.011, 5,   3.165,-37.119,-14.217, 82,  -0.010,  0.009,  0.016
22004.86131, 3,  -0.059,  0.020, 10.219, 4,   0.003, -0.001, -0.003, 5,   3.513,-38.165,-14.896, 82,  -0.010, -0.068, -0.041
22004.88227, 3,  -0.059, -0.020, 10.219, 4,   0.002, -0.002, -0.002, 5,   2.469,-37.816,-14.217, 82,   0.009, -0.066, -0.059
22004.90159, 3,  -0.078,  0.020, 10.297, 4,   0.000, -0.001, -0.005, 5,   2.991,-36.594,-13.026, 82,  -0.011, -0.061,  0.021
22004.92173, 3,  -0.137,  0.078, 10.336, 4,  -0.002, -0.003, -0.003, 5,   2.991,-37.991,-13.367
22004.94188, 3,  -0.137,  0.078, 10.336, 4,   0.000,  0.003,  0.003, 5,   2.991,-37.292,-14.726, 82,  -0.065, -0.001,  0.056
22004.96202, 3,  -0.078,  0.118, 10.297, 4,  -0.001,  0.002,  0.000, 5,   3.860,-36.420,-13.197
22004.98216, 3,  -0.020,  0.078, 10.375, 4,  -0.001, -0.001, -0.002, 5,   3.339,-36.594,-12.688, 82,  -0.006,  0.037,  0.016
22005.00230, 3,  -0.039,  0.098, 10.375, 4,   0.003,  0.002,  0.004, 5,   3.165,-36.070,-14.217, 82,   0.052, -0.003,  0.092
22005.02241, 3,  -0.039,  0.098, 10.277, 4,   0.002, -0.002, -0.003, 5,   3.687,-37.642,-14.386, 82,   0.031,  0.016,  0.089
22005.04258, 3,  -0.039,  0.020, 10.258, 4,  -0.003, -0.002, -0.006, 5,   1.250,-36.943,-13.707, 82,   0.029,  0.016, -0.009
22005.06276, 3,  -0.098,  0.059, 10.297, 4,  -0.002, -0.001, -0.005, 5,   3.165,-36.769,-14.557, 82,   0.028, -0.060, -0.028
22005.08290, 3,  -0.118,  0.078, 10.297, 4,  -0.003,  0.001, -0.001, 5,   1.945,-38.341,-14.047, 82,  -0.030, -0.020,  0.011
22005.10304, 3,  -0.098,  0.098, 10.336, 4,   0.000, -0.001, -0.005, 5,   1.424,-36.070,-14.896, 82,  -0.048,  0.000,  0.011
22005.12318, 3,  -0.098,  0.118, 10.317, 4,   0.000, -0.006, -0.002, 5,   2.991,-37.292,-14.726, 82,  -0.028,  0.019,  0.048
22005.14332, 3,  -0.098,  0.078, 10.258, 4,   0.005, -0.002, -0.002, 5,   3.513,-37.119,-13.876, 82,  -0.028,  0.037,  0.028
22005.16346, 3,  -0.098,  0.059, 10.238, 4,  -0.002,  0.001, -0.003, 5,   2.469,-36.420,-14.896, 82,  -0.027, -0.003, -0.030
22005.18361, 3,  -0.098,  0.059, 10.219, 4,  -0.002, -0.003, -0.001, 5,   2.295,-36.244,-14.386, 82,  -0.026, -0.021, -0.048
22005.20378, 3,  -0.098,  0.078, 10.238, 4,   0.000,  0.001, -0.001, 5,   2.817,-36.769,-15.236, 82,  -0.025, -0.001, -0.044
22005.22389, 3,  -0.098,  0.098, 10.297, 4,   0.004, -0.006, -0.001, 5,   1.945,-36.943,-15.405
22005.24403, 3,  -0.059,  0.098, 10.238, 4,  -0.004,  0.004,  0.002, 5,   3.513,-36.769,-15.236, 82,   0.015,  0.017, -0.043
22005.26448, 3,  -0.039,  0.098, 10.317, 4,   0.004,  0.001, -0.002, 5,   2.295,-36.943,-14.047
22005.28431, 3,  -0.059,  0.118, 10.395, 4,  -0.002,  0.002, -0.002, 5,   4.382,-36.594,-15.067, 82,   0.033,  0.016,  0.034
22005.30445, 3,  -0.098,  0.059, 10.356, 4,  -0.002,  0.004, -0.002, 5,   3.339,-37.292,-14.047, 82,   0.014,  0.035,  0.109
22005.32460, 3,  -0.098,  0.000, 10.238, 4,  -0.001,  0.003, -0.002, 5,   2.469,-36.769,-14.896, 82,  -0.023, -0.079, -0.049
22005.34474, 3,  -0.078,  0.020, 10.277, 4,   0.004, -0.003, -0.003, 5,   1.772,-37.119,-13.536, 82,  -0.004, -0.058, -0.009
22005.36485, 3,  -0.098,  0.078, 10.336, 4,   0.002, -0.001,  0.000, 5,   1.945,-36.594,-15.067
22005.38627, 3,  -0.118,  0.098, 10.297, 4,  -0.001,  0.004, -0.002, 5,   1.945,-37.991,-15.746, 82,  -0.022,  0.001,  0.048
22005.40513, 3,  -0.078,  0.039, 10.277, 4,   0.000,  0.004, -0.005, 5,   1.076,-37.119,-14.557, 82,  -0.039,  0.020,  0.008
22005.42527, 3,  -0.039,  0.078, 10.317, 4,   0.002,  0.002, -0.003, 5,   2.295,-36.244,-14.726, 82,   0.000, -0.038, -0.011
22005.44542, 3,  -0.059,  0.098, 10.277, 4,   0.002, -0.006,  0.002, 5,   3.339,-36.244,-16.086, 82,   0.038,  0.001,  0.027
22005.46556, 3,  -0.059,  0.118, 10.317, 4,   0.002, -0.004,  0.000, 5,   2.643,-37.991,-13.707, 82,   0.017,  0.019, -0.011
22005.48570, 3,  -0.020,  0.059, 10.317, 4,   0.000,  0.003,  0.002, 5,   2.817,-35.721,-14.557, 82,   0.054, -0.021,  0.026
22005.50587, 3,  -0.098,  0.059, 10.258, 4,  -0.001, -0.001,  0.000, 5,   2.643,-36.244,-14.386
22005.52598, 3,  -0.059,  0.078, 10.258, 4,  -0.003,  0.001, -0.007, 5,   2.817,-37.468,-14.557, 82,   0.014,  0.000, -0.031
22005.54615, 3,  -0.039,  0.098, 10.258, 4,   0.004, -0.003, -0.001, 5,   2.121,-36.420,-14.557
22005.56630, 3,   0.000,  0.098, 10.277, 4,   0.000,  0.002,  0.002, 5,   3.165,-37.468,-13.197, 82,   0.070,  0.017, -0.010
22005.58644, 3,   0.000,  0.098, 10.336, 4,   0.005,  0.002,  0.004, 5,   1.945,-37.642,-14.386
22005.60658, 3,  -0.020,  0.118, 10.356, 4,   0.005,  0.002,  0.002, 5,   4.034,-35.197,-13.367, 82,   0.068,  0.016,  0.048
22005.62672, 3,  -0.039,  0.098, 10.297, 4,   0.004,  0.003, -0.001, 5,   2.469,-36.070,-15.236, 82,   0.047,  0.033,  0.065
22005.64692, 3,  -0.059,  0.098, 10.356, 4,   0.005,  0.001, -0.001, 5,   4.382,-37.292,-15.405, 82,   0.027,  0.012,  0.006
22005.66697, 3,  -0.059,  0.059, 10.277, 4,  -0.001,  0.001,  0.002, 5,   2.295,-35.896,-12.688, 82,   0.007,  0.011,  0.063
22005.68715, 3,  -0.118,  0.059, 10.277, 4,  -0.006, -0.006, -0.005, 5,   1.424,-35.022,-14.557, 82,   0.007, -0.026, -0.015
22005.70729, 3,  -0.098,  0.059, 10.297, 4,   0.002, -0.002,  0.000, 5,   4.208,-36.070,-14.217, 82,  -0.051, -0.025, -0.015
22005.72743, 3,  -0.078,  0.059, 10.317, 4,   0.003, -0.001, -0.003, 5,   1.598,-37.292,-14.726, 82,  -0.031, -0.025,  0.005
22005.74757, 3,  -0.078,  0.118, 10.336, 4,   0.000,  0.003,  0.002, 5,   2.469,-36.769,-14.896, 82,  -0.011, -0.024,  0.023
22005.76878, 3,  -0.118,  0.059, 10.179, 4,   0.000, -0.001, -0.001, 5,   2.469,-37.119,-16.255, 82,  -0.010,  0.033,  0.042
22005.78785, 3,  -0.118,  0.059, 10.179, 4,   0.002, -0.002, -0.002, 5,   3.687,-36.244,-14.386, 82,  -0.048, -0.025, -0.111
22005.80799, 3,  -0.078,  0.039, 10.179, 4,   0.002, -0.001,  0.002, 5,   3.687,-34.848,-14.047, 82,  -0.007, -0.043, -0.104
22005.82814, 3,  -0.020,  0.039, 10.238, 4,  -0.001,  0.004,  0.000, 5,   1.772,-37.468,-15.576
22005.84825, 3,  -0.039,  0.078, 10.277, 4,   0.003, -0.001,  0.003, 5,   1.945,-36.943,-14.047, 82,   0.051, -0.041, -0.044
22005.86842, 3,  -0.059,  0.059, 10.238, 4,   0.000, -0.004,  0.003, 5,   3.339,-35.896,-15.067, 82,   0.030, -0.002, -0.004
22005.88859, 3,  -0.078,  0.020, 10.277, 4,   0.000,  0.002,  0.000, 5,   3.687,-36.594,-14.726, 82,   0.009, -0.021, -0.042
22005.90870, 3,  -0.098,  0.020, 10.160, 4,  -0.001, -0.002, -0.003, 5,   2.817,-35.721,-14.896, 82,  -0.029, -0.056, -0.117
22005.92884, 3,  -0.059,  0.059, 10.140, 4,  -0.003, -0.001,  0.003, 5,   2.991,-36.244,-13.707
22005.94902, 3,  -0.078,  0.098, 10.277, 4,   0.002, -0.001, -0.001, 5,   1.424,-37.119,-14.896, 82,  -0.010,  0.022,  0.005
22005.96913, 3,  -0.059,  0.059, 10.277, 4,  -0.002, -0.001, -0.002, 5,   2.295,-36.244,-14.726
22005.98927, 3,  -0.078,  0.059, 10.258, 4,  -0.003,  0.002,  0.000, 5,   1.945,-36.594,-15.405, 82,  -0.009, -0.015, -0.014
22006.00941, 3,  -0.078,  0.020, 10.258, 4,  -0.002,  0.004,  0.000, 5,   2.991,-36.943,-14.047
22006.02955, 3,  -0.059,  0.039, 10.277, 4,  -0.002, -0.004, -0.003, 5,   2.817,-36.769,-14.557, 82,   0.010, -0.031,  0.006
22006.04969, 3,  -0.098,  0.078, 10.199, 4,  -0.004,  0.001, -0.001, 5,   2.817,-36.070,-13.536
22006.06984, 3,  -0.059,  0.078, 10.238, 4,  -0.002,  0.003, -0.001, 5,   2.121,-37.119,-13.536, 82,  -0.028,  0.009, -0.070
22006.08998, 3,  -0.020,  0.098, 10.238, 4,  -0.002, -0.006, -0.002, 5,   3.165,-37.816,-15.915, 82,   0.011,  0.009, -0.030
22006.11012, 3,  -0.039,  0.059, 10.258, 4,   0.002, -0.004, -0.006, 5,   4.208,-37.468,-15.236, 82,   0.048,  0.028, -0.029
22006.13023, 3,   0.000, -0.020, 10.238, 4,   0.004, -0.001, -0.001, 5,   2.295,-37.991,-15.746, 82,   0.026, -0.012, -0.009
22006.15068, 3,  -0.020,  0.020, 10.277, 4,   0.002, -0.003, -0.007, 5,   1.945,-37.642,-13.367, 82,   0.063, -0.088, -0.028
22006.17051, 3,  -0.059,  0.059, 10.317, 4,   0.003, -0.004, -0.003, 5,   2.991,-38.341,-14.047, 82,   0.002, -0.008,  0.049
22006.19069, 3,  -0.020,  0.078, 10.258, 4,   0.002,  0.005,  0.003, 5,   2.469,-36.769,-14.896
22006.21080, 3,  -0.059,  0.059, 10.297, 4,   0.005,  0.003,  0.000, 5,   3.339,-36.943,-14.386, 82,   0.041,  0.010, -0.010
22006.23097, 3,  -0.059,  0.098, 10.317, 4,  -0.002,  0.001,  0.002, 5,   3.339,-35.896,-14.047, 82,   0.002, -0.009,  0.029
22006.25108, 3,  -0.098,  0.098, 10.297, 4,  -0.001, -0.002,  0.000, 5,   3.339,-37.991,-14.047, 82,   0.002,  0.029,  0.047
22006.27247, 3,  -0.118,  0.137, 10.317, 4,   0.005,  0.002,  0.000, 5,   4.208,-37.119,-14.217, 82,  -0.036,  0.028,  0.026
22006.29136, 3,  -0.078,  0.078, 10.297, 4,  -0.003,  0.002,  0.000, 5,   1.945,-37.292,-15.746, 82,  -0.054,  0.064,  0.044
22006.31154, 3,  -0.098,  0.059, 10.238, 4,  -0.001, -0.002,  0.000, 5,   3.513,-36.420,-15.576, 82,  -0.033, -0.013, -0.034
22006.33168, 3,  -0.059,  0.059, 10.238, 4,  -0.001, -0.001,  0.000, 5,   3.687,-37.642,-14.726
22006.35182, 3,  -0.039,  0.020, 10.258, 4,  -0.002, -0.001, -0.002, 5,   2.295,-37.292,-15.405, 82,   0.025, -0.049, -0.013
22006.37193, 3,  -0.020,  0.000, 10.277, 4,  -0.003,  0.001, -0.002, 5,   2.817,-37.119,-14.557, 82,   0.043, -0.066,  0.007
22006.39210, 3,  -0.059,  0.039, 10.238, 4,  -0.001,  0.001,  0.002, 5,   4.034,-36.943,-14.386, 82,   0.004, -0.026, -0.032
22006.41221, 3,  -0.078,  0.078, 10.277, 4,  -0.001, -0.002,  0.000, 5,   1.424,-37.468,-15.576
22006.43235, 3,  -0.078,  0.078, 10.277, 4,  -0.003, -0.003,  0.000, 5,   1.598,-35.896,-14.386, 82,  -0.016,  0.013,  0.007
22006.45253, 3,  -0.098,  0.157, 10.258, 4,  -0.001,  0.001,  0.002, 5,   3.687,-35.896,-16.426, 82,  -0.016,  0.013,  0.007
22006.47264, 3,  -0.118,  0.137, 10.238, 4,  -0.002,  0.001, -0.007, 5,   2.643,-37.642,-15.067, 82,  -0.034,  0.089, -0.012
22006.49278, 3,  -0.098,  0.098, 10.336, 4,  -0.002,  0.002, -0.003, 5,   2.469,-36.420,-15.236, 82,  -0.052,  0.067, -0.031
22006.51292, 3,  -0.118,  0.059, 10.277, 4,  -0.002, -0.006,  0.003, 5,   4.034,-35.197,-16.426, 82,  -0.031,  0.027,  0.065
22006.53309, 3,  -0.059,  0.059, 10.238, 4,  -0.003, -0.003, -0.002, 5,   3.860,-36.070,-13.197, 82,   0.008, -0.010, -0.032
22006.55320, 3,  -0.098,  0.078, 10.258, 4,   0.002, -0.001,  0.000, 5,   2.817,-38.515,-14.896
22006.57338, 3,  -0.078,  0.137, 10.317, 4,  -0.003, -0.003, -0.005, 5,   3.687,-36.244,-15.067, 82,  -0.031,  0.009, -0.012
22006.59352, 3,  -0.078,  0.118, 10.297, 4,  -0.001,  0.001, -0.008, 5,   2.817,-36.420,-13.536, 82,  -0.011,  0.066,  0.045
22006.61363, 3,  -0.039,  0.137, 10.336, 4,   0.000, -0.002, -0.002, 5,   2.643,-36.943,-15.067, 82,  -0.011,  0.045,  0.025
22006.63380, 3,  -0.039,  0.118, 10.356, 4,   0.002,  0.049,  0.000, 5,   2.991,-38.341,-15.067, 82,   0.032,  0.062,  0.062
22006.65455, 3,  -0.059,  0.078, 10.277, 4,   0.009,  0.018, -0.001, 5,   2.817,-36.070,-14.217, 82,   0.038,  0.040,  0.079
22006.67408, 3,  -0.137,  0.059, 10.277, 4,   0.004,  0.032, -0.002, 5,   3.339,-37.292,-13.367, 82,   0.023, -0.001,  0.001
22006.69419, 3,  -0.039,  0.098, 10.277, 4,  -0.001, -0.063,  0.000, 5,   2.469,-36.070,-15.915, 82,  -0.057, -0.020,  0.000
