1	1527159527221	-0.098	0.255	10.219	AccCircle
2	1527159527226	-0.059	0.275	10.238	AccCircle
3	1527159527235	-0.02	0.255	10.277	AccCircle
4	1527159527245	-0.02	0.255	10.277	AccCircle
5	1527159527252	-0.059	0.275	10.336	AccCircle
6	1527159527260	-0.078	0.275	10.317	AccCircle
7	1527159527269	-0.059	0.275	10.277	AccCircle
8	1527159527277	-0.02	0.314	10.258	AccCircle
9	1527159527287	-0.059	0.314	10.238	AccCircle
10	1527159527294	-0.059	0.314	10.238	AccCircle
11	1527159527304	-0.078	0.294	10.199	AccCircle
12	1527159527311	-0.059	0.275	10.336	AccCircle
13	1527159527320	-0.059	0.314	10.336	AccCircle
14	1527159527327	-0.039	0.275	10.395	AccCircle
15	1527159527336	-0.059	0.255	10.317	AccCircle
16	1527159527344	-0.059	0.255	10.317	AccCircle
17	1527159527352	-0.098	0.255	10.336	AccCircle
18	1527159527361	-0.118	0.235	10.336	AccCircle
19	1527159527369	-0.137	0.235	10.336	AccCircle
20	1527159527377	-0.137	0.196	10.356	AccCircle
21	1527159527386	-0.118	0.235	10.395	AccCircle
22	1527159527394	-0.118	0.235	10.395	AccCircle
23	1527159527402	-0.078	0.255	10.336	AccCircle
24	1527159527411	-0.02	0.216	10.317	AccCircle
25	1527159527420	-0.078	0.235	10.336	AccCircle
26	1527159527428	-0.098	0.235	10.317	AccCircle
27	1527159527437	-0.078	0.314	10.317	AccCircle
28	1527159527447	-0.078	0.314	10.317	AccCircle
29	1527159527453	0.02	0.275	10.317	AccCircle
30	1527159527462	-0.098	0.294	10.297	AccCircle
31	1527159527471	-0.177	0.275	10.277	AccCircle
32	1527159527478	-0.177	0.255	10.277	AccCircle
33	1527159527486	-0.137	0.255	10.277	AccCircle
34	1527159527495	-0.137	0.255	10.277	AccCircle
35	1527159527503	-0.177	0.196	10.317	AccCircle
36	1527159527512	-0.216	0.216	10.297	AccCircle
37	1527159527520	-0.216	0.235	10.277	AccCircle
38	1527159527529	-0.177	0.255	10.277	AccCircle
39	1527159527537	-0.177	0.255	10.277	AccCircle
40	1527159527545	-0.137	0.235	10.277	AccCircle
41	1527159527554	-0.157	0.235	10.336	AccCircle
42	1527159527562	-0.137	0.216	10.277	AccCircle
43	1527159527570	-0.177	0.216	10.277	AccCircle
44	1527159527579	-0.177	0.235	10.297	AccCircle
45	1527159527588	-0.177	0.235	10.297	AccCircle
46	1527159527596	-0.294	0.255	10.238	AccCircle
47	1527159527604	-0.314	0.275	10.258	AccCircle
48	1527159527612	-0.255	0.294	10.395	AccCircle
49	1527159527621	-0.177	0.235	10.434	AccCircle
50	1527159527629	-0.137	0.294	10.356	AccCircle
51	1527159527639	-0.137	0.294	10.356	AccCircle
52	1527159527646	-0.078	0.275	10.356	AccCircle
53	1527159527654	-0.118	0.255	10.356	AccCircle
54	1527159527664	-0.235	0.294	10.317	AccCircle
55	1527159527671	-0.275	0.275	10.317	AccCircle
56	1527159527681	-0.294	0.294	10.395	AccCircle
57	1527159527688	-0.294	0.294	10.395	AccCircle
58	1527159527696	-0.275	0.255	10.238	AccCircle
59	1527159527705	-0.196	0.275	10.277	AccCircle
60	1527159527714	-0.098	0.255	10.277	AccCircle
61	1527159527722	-0.157	0.235	10.277	AccCircle
62	1527159527731	-0.216	0.275	10.297	AccCircle
63	1527159527739	-0.216	0.275	10.297	AccCircle
64	1527159527747	-0.137	0.275	10.356	AccCircle
65	1527159527755	-0.078	0.275	10.336	AccCircle
66	1527159527764	0	0.294	10.356	AccCircle
67	1527159527772	0.078	0.294	10.434	AccCircle
68	1527159527781	0	0.294	10.356	AccCircle
69	1527159527789	0	0.294	10.356	AccCircle
70	1527159527797	-0.137	0.333	10.317	AccCircle
71	1527159527806	-0.177	0.314	10.277	AccCircle
72	1527159527814	-0.157	0.373	10.297	AccCircle
73	1527159527822	-0.118	0.373	10.297	AccCircle
74	1527159527831	-0.078	0.373	10.277	AccCircle
75	1527159527839	-0.078	0.373	10.277	AccCircle
76	1527159527847	-0.157	0.314	10.277	AccCircle
77	1527159527856	-0.275	0.275	10.317	AccCircle
78	1527159527864	-0.294	0.255	10.277	AccCircle
79	1527159527872	-0.275	0.255	10.277	AccCircle
80	1527159527881	-0.235	0.275	10.297	AccCircle
81	1527159527890	-0.235	0.275	10.297	AccCircle
82	1527159527898	-0.235	0.255	10.297	AccCircle
83	1527159527906	-0.177	0.235	10.317	AccCircle
84	1527159527915	-0.059	0.314	10.238	AccCircle
85	1527159527924	-0.039	0.314	10.258	AccCircle
86	1527159527932	0.02	0.314	10.277	AccCircle
87	1527159527940	0.02	0.314	10.277	AccCircle
88	1527159527949	0.039	0.294	10.258	AccCircle
89	1527159527958	0.039	0.275	10.238	AccCircle
90	1527159527965	0.098	0.255	10.297	AccCircle
91	1527159527974	0.078	0.255	10.317	AccCircle
92	1527159527982	0.098	0.216	10.317	AccCircle
93	1527159527990	0.098	0.216	10.317	AccCircle
94	1527159527998	0.118	0.275	10.297	AccCircle
95	1527159528007	0.177	0.255	10.356	AccCircle
96	1527159528015	0.118	0.294	10.336	AccCircle
97	1527159528024	-0.02	0.333	10.336	AccCircle
98	1527159528032	-0.157	0.333	10.336	AccCircle
99	1527159528040	-0.157	0.333	10.336	AccCircle
100	1527159528049	-0.235	0.294	10.336	AccCircle
101	1527159528057	-0.333	0.333	10.317	AccCircle
102	1527159528066	-0.451	0.235	10.277	AccCircle
103	1527159528074	-0.569	0.196	10.277	AccCircle
104	1527159528082	-0.569	0.196	10.277	AccCircle
105	1527159528091	-0.49	0.216	10.336	AccCircle
106	1527159528099	-0.255	0.216	10.336	AccCircle
107	1527159528108	-0.118	0.275	10.317	AccCircle
108	1527159528116	0.059	0.314	10.238	AccCircle
109	1527159528124	0.059	0.353	10.238	AccCircle
110	1527159528133	0.059	0.353	10.238	AccCircle
111	1527159528141	0.02	0.333	10.317	AccCircle
112	1527159528150	-0.078	0.255	10.317	AccCircle
113	1527159528158	-0.216	0.275	10.277	AccCircle
114	1527159528167	-0.314	0.314	10.336	AccCircle
115	1527159528175	-0.333	0.314	10.356	AccCircle
116	1527159528183	-0.333	0.314	10.356	AccCircle
117	1527159528192	-0.392	0.333	10.297	AccCircle
118	1527159528200	-0.51	0.294	10.277	AccCircle
119	1527159528209	-0.588	0.275	10.317	AccCircle
120	1527159528217	-0.549	0.216	10.297	AccCircle
121	1527159528225	-0.412	0.196	10.297	AccCircle
122	1527159528234	-0.412	0.196	10.297	AccCircle
123	1527159528242	-0.373	0.216	10.317	AccCircle
124	1527159528250	-0.294	0.235	10.238	AccCircle
125	1527159528259	-0.196	0.314	10.297	AccCircle
126	1527159528267	-0.157	0.353	10.395	AccCircle
127	1527159528275	-0.059	0.412	10.317	AccCircle
128	1527159528284	-0.059	0.412	10.317	AccCircle
129	1527159528293	-0.039	0.431	10.297	AccCircle
130	1527159528301	-0.098	0.373	10.336	AccCircle
131	1527159528309	-0.118	0.235	10.258	AccCircle
132	1527159528318	-0.196	0.255	10.317	AccCircle
133	1527159528326	-0.294	0.314	10.336	AccCircle
134	1527159528334	-0.294	0.314	10.336	AccCircle
135	1527159528342	-0.353	0.392	10.317	AccCircle
136	1527159528352	-0.412	0.431	10.238	AccCircle
137	1527159528359	-0.471	0.392	10.375	AccCircle
138	1527159528368	-0.471	0.412	10.356	AccCircle
139	1527159528376	-0.373	0.451	10.336	AccCircle
140	1527159528385	-0.373	0.451	10.336	AccCircle
141	1527159528394	-0.255	0.392	10.356	AccCircle
142	1527159528401	-0.137	0.294	10.277	AccCircle
143	1527159528411	0.02	0.255	10.258	AccCircle
144	1527159528419	0.294	0.157	10.258	AccCircle
145	1527159528427	0.569	0.157	10.297	AccCircle
146	1527159528435	0.569	0.157	10.297	AccCircle
147	1527159528443	0.569	0.216	10.277	AccCircle
148	1527159528454	0.451	0.255	10.297	AccCircle
149	1527159528460	0.275	0.353	10.297	AccCircle
150	1527159528469	0.157	0.333	10.317	AccCircle
151	1527159528477	-0.039	0.275	10.297	AccCircle
152	1527159528485	-0.039	0.275	10.297	AccCircle
153	1527159528494	-0.118	0.196	10.258	AccCircle
154	1527159528502	-0.353	0.196	10.336	AccCircle
155	1527159528510	-0.53	0.216	10.297	AccCircle
156	1527159528519	-0.451	0.196	10.179	AccCircle
157	1527159528527	-0.216	0.275	10.297	AccCircle
158	1527159528535	-0.216	0.275	10.297	AccCircle
159	1527159528544	0.02	0.431	10.356	AccCircle
160	1527159528552	0.235	0.549	10.317	AccCircle
161	1527159528561	0.549	0.333	10.258	AccCircle
162	1527159528569	0.628	0.216	10.317	AccCircle
163	1527159528578	0.275	0.177	10.317	AccCircle
164	1527159528586	0.275	0.177	10.317	AccCircle
165	1527159528594	-0.039	0.177	10.238	AccCircle
166	1527159528603	-0.216	0.157	10.238	AccCircle
167	1527159528611	-0.078	0.059	10.219	AccCircle
168	1527159528619	0.157	0.02	10.179	AccCircle
169	1527159528628	0.157	0.02	10.179	AccCircle
170	1527159528637	0.314	0.098	10.277	AccCircle
171	1527159528645	0.294	0.235	10.336	AccCircle
172	1527159528654	0.255	0.353	10.336	AccCircle
173	1527159528662	0.078	0.314	10.258	AccCircle
174	1527159528670	0.078	0.333	10.395	AccCircle
175	1527159528679	0.078	0.333	10.395	AccCircle
176	1527159528687	0.196	0.314	10.297	AccCircle
177	1527159528695	0.196	0.294	10.297	AccCircle
178	1527159528704	0.157	0.314	10.219	AccCircle
179	1527159528712	0.275	0.235	10.297	AccCircle
180	1527159528721	0.294	0.196	10.317	AccCircle
181	1527159528729	0.294	0.196	10.317	AccCircle
182	1527159528737	0.196	0.196	10.297	AccCircle
183	1527159528746	0.02	0.373	10.375	AccCircle
184	1527159528754	-0.078	0.53	10.317	AccCircle
185	1527159528762	0	0.706	10.277	AccCircle
186	1527159528771	0.157	0.608	10.238	AccCircle
187	1527159528779	0.157	0.608	10.238	AccCircle
188	1527159528788	0.196	0.373	10.258	AccCircle
189	1527159528796	0.177	0.255	10.317	AccCircle
190	1527159528806	0.059	0.196	10.297	AccCircle
191	1527159528813	-0.02	0.137	10.238	AccCircle
192	1527159528821	0.078	0.177	10.14	AccCircle
193	1527159528830	0.078	0.177	10.14	AccCircle
194	1527159528838	0.098	0.216	10.297	AccCircle
195	1527159528846	0.098	0.235	10.297	AccCircle
196	1527159528854	0.02	0.235	10.317	AccCircle
197	1527159528863	-0.059	0.177	10.258	AccCircle
198	1527159528872	-0.118	0.177	10.336	AccCircle
199	1527159528879	-0.118	0.177	10.336	AccCircle
200	1527159528889	-0.078	0.157	10.297	AccCircle
201	1527159528897	-0.098	0.216	10.375	AccCircle
202	1527159528905	-0.137	0.255	10.375	AccCircle
203	1527159528913	-0.059	0.275	10.415	AccCircle
204	1527159528922	0.039	0.235	10.356	AccCircle
205	1527159528930	0.039	0.235	10.356	AccCircle
206	1527159528940	0.137	0.157	10.238	AccCircle
207	1527159528947	0.255	0.137	10.219	AccCircle
208	1527159528955	0.294	0.118	10.199	AccCircle
209	1527159528964	0.392	0.177	10.219	AccCircle
210	1527159528972	0.412	0.177	10.336	AccCircle
211	1527159528984	0.412	0.177	10.336	AccCircle
212	1527159528990	0.255	0.196	10.317	AccCircle
213	1527159528997	0.196	0.177	10.297	AccCircle
214	1527159529005	0.255	0.137	10.336	AccCircle
215	1527159529013	0.216	0.255	10.375	AccCircle
216	1527159529022	0.157	0.373	10.277	AccCircle
217	1527159529030	0.157	0.373	10.277	AccCircle
218	1527159529038	0.157	0.333	10.199	AccCircle
219	1527159529047	0.059	0.314	10.238	AccCircle
220	1527159529056	-0.098	0.431	10.179	AccCircle
221	1527159529064	-0.196	0.451	10.219	AccCircle
222	1527159529073	-0.078	0.294	10.199	AccCircle
223	1527159529081	-0.078	0.294	10.199	AccCircle
224	1527159529089	0.02	0.235	10.336	AccCircle
225	1527159529098	0.098	0.216	10.277	AccCircle
226	1527159529106	0.078	0.235	10.317	AccCircle
227	1527159529115	0.059	0.294	10.297	AccCircle
228	1527159529124	0.118	0.275	10.317	AccCircle
229	1527159529131	0.118	0.275	10.317	AccCircle
230	1527159529141	0.196	0.235	10.297	AccCircle
231	1527159529149	0.235	0.216	10.238	AccCircle
232	1527159529158	0.235	0.275	10.356	AccCircle
233	1527159529165	0.137	0.431	10.395	AccCircle
234	1527159529175	0.137	0.431	10.395	AccCircle
235	1527159529182	0.059	0.569	10.297	AccCircle
236	1527159529190	0	0.49	10.258	AccCircle
237	1527159529199	0	0.314	10.258	AccCircle
238	1527159529207	0	0.196	10.297	AccCircle
239	1527159529216	-0.039	0.137	10.297	AccCircle
240	1527159529224	-0.039	0.137	10.297	AccCircle
241	1527159529233	-0.059	0.157	10.415	AccCircle
242	1527159529240	-0.098	0.177	10.434	AccCircle
243	1527159529266	-0.039	0.216	10.317	AccCircle
244	1527159529267	0	0.216	10.238	AccCircle
245	1527159529268	-0.02	0.196	10.317	AccCircle
246	1527159529274	-0.02	0.196	10.317	AccCircle
247	1527159529283	0.059	0.196	10.258	AccCircle
248	1527159529290	0	0.431	10.317	AccCircle
249	1527159529298	-0.039	0.569	10.356	AccCircle
250	1527159529306	-0.078	0.412	10.317	AccCircle
251	1527159529315	-0.039	0.196	10.258	AccCircle
252	1527159529323	-0.039	0.196	10.258	AccCircle
253	1527159529332	-0.02	0.059	10.317	AccCircle
254	1527159529340	-0.039	0.039	10.395	AccCircle
255	1527159529350	0.02	0.059	10.317	AccCircle
256	1527159529358	0.02	0.216	10.277	AccCircle
257	1527159529366	-0.02	0.314	10.277	AccCircle
258	1527159529374	-0.02	0.314	10.277	AccCircle
259	1527159529384	-0.059	0.275	10.199	AccCircle
260	1527159529391	0.039	0.098	10.179	AccCircle
261	1527159529402	0.118	-0.02	10.199	AccCircle
262	1527159529409	0.137	-0.02	10.297	AccCircle
263	1527159529417	0.177	0.235	10.415	AccCircle
264	1527159529425	0.177	0.235	10.415	AccCircle
265	1527159529433	0.137	0.314	10.375	AccCircle
266	1527159529442	0.039	0.353	10.297	AccCircle
267	1527159529450	-0.02	0.177	10.277	AccCircle
268	1527159529460	-0.02	0.137	10.277	AccCircle
269	1527159529467	0.02	0.157	10.297	AccCircle
270	1527159529476	0.02	0.157	10.297	AccCircle
271	1527159529484	0.039	0.157	10.336	AccCircle
272	1527159529492	0.039	0.275	10.317	AccCircle
273	1527159529501	-0.02	0.177	10.14	AccCircle
274	1527159529509	-0.039	0.157	10.199	AccCircle
275	1527159529518	0.039	0.059	10.297	AccCircle
276	1527159529526	0.039	0.059	10.297	AccCircle
277	1527159529534	0	0.078	10.317	AccCircle
278	1527159529542	-0.078	0.137	10.356	AccCircle
279	1527159529551	-0.118	0.373	10.336	AccCircle
280	1527159529560	-0.098	0.471	10.356	AccCircle
281	1527159529568	-0.02	0.53	10.238	AccCircle
282	1527159529576	-0.02	0.53	10.238	AccCircle
283	1527159529585	0	0.647	10.14	AccCircle
284	1527159529593	0.02	0.628	10.277	AccCircle
285	1527159529602	0.078	0.51	10.277	AccCircle
286	1527159529609	0.098	0.451	10.336	AccCircle
287	1527159529618	-0.078	0.451	10.317	AccCircle
288	1527159529627	-0.078	0.451	10.317	AccCircle
289	1527159529635	-0.137	0.431	10.277	AccCircle
290	1527159529645	-0.059	0.314	10.238	AccCircle
291	1527159529652	0.137	0.137	10.16	AccCircle
292	1527159529660	0.235	0.078	10.16	AccCircle
293	1527159529668	0.235	0.078	10.16	AccCircle
294	1527159529677	0.235	0.039	10.14	AccCircle
295	1527159529685	0.137	0.177	10.317	AccCircle
296	1527159529693	0.078	0.431	10.375	AccCircle
297	1527159529702	-0.059	0.608	10.297	AccCircle
298	1527159529711	-0.098	0.49	10.336	AccCircle
299	1527159529719	-0.098	0.49	10.336	AccCircle
300	1527159529727	0.02	0.314	10.297	AccCircle
301	1527159529736	0.118	0.216	10.336	AccCircle
302	1527159529744	0.039	0.255	10.375	AccCircle
303	1527159529752	-0.177	0.255	10.199	AccCircle
304	1527159529761	-0.333	0.314	10.238	AccCircle
305	1527159529769	-0.333	0.314	10.238	AccCircle
306	1527159529778	-0.373	0.412	10.277	AccCircle
307	1527159529786	-0.373	0.647	10.258	AccCircle
308	1527159529795	-0.196	0.667	10.199	AccCircle
309	1527159529802	-0.059	0.569	10.219	AccCircle
310	1527159529811	-0.02	0.431	10.277	AccCircle
311	1527159529820	-0.02	0.431	10.277	AccCircle
312	1527159529828	-0.059	0.412	10.277	AccCircle
313	1527159529836	-0.078	0.431	10.336	AccCircle
314	1527159529844	0.02	0.392	10.356	AccCircle
315	1527159529853	0.118	0.294	10.297	AccCircle
316	1527159529861	0.196	0.078	10.199	AccCircle
317	1527159529871	0.196	0.078	10.199	AccCircle
318	1527159529879	0.294	0	10.219	AccCircle
319	1527159529888	0.412	0.059	10.297	AccCircle
320	1527159529895	0.471	0.333	10.297	AccCircle
321	1527159529904	0.647	0.569	10.375	AccCircle
322	1527159529912	0.863	0.902	10.395	AccCircle
323	1527159529921	0.863	0.902	10.395	AccCircle
324	1527159529929	0.883	0.922	10.375	AccCircle
325	1527159529938	0.471	0.549	10.317	AccCircle
326	1527159529974	0.039	0.255	10.297	AccCircle
327	1527159529975	0.039	-0.059	10.277	AccCircle
328	1527159529976	0.098	-0.157	10.336	AccCircle
329	1527159529977	0.098	-0.157	10.336	AccCircle
330	1527159529997	0.098	-0.157	10.219	AccCircle
331	1527159529998	0.059	-0.157	10.238	AccCircle
332	1527159529999	-0.02	-0.039	10.16	AccCircle
333	1527159530003	-0.059	0.177	10.336	AccCircle
334	1527159530011	-0.137	0.314	10.336	AccCircle
335	1527159530027	-0.137	0.314	10.336	AccCircle
336	1527159530029	-0.196	0.314	10.336	AccCircle
337	1527159530036	-0.275	0.157	10.297	AccCircle
338	1527159530045	-0.255	0.039	10.297	AccCircle
339	1527159530054	-0.177	-0.059	10.199	AccCircle
340	1527159530062	-0.118	-0.078	10.199	AccCircle
341	1527159530070	-0.118	-0.078	10.199	AccCircle
342	1527159530079	-0.039	0.039	10.277	AccCircle
343	1527159530087	0.059	0.098	10.238	AccCircle
344	1527159530095	0.039	0	10.238	AccCircle
345	1527159530105	0.059	-0.039	10.277	AccCircle
346	1527159530114	0.098	0.059	10.375	AccCircle
347	1527159530122	0.098	0.059	10.375	AccCircle
348	1527159530131	0.196	0.157	10.356	AccCircle
349	1527159530138	0.216	0.294	10.297	AccCircle
350	1527159530147	0.216	0.353	10.258	AccCircle
351	1527159530155	0.137	0.314	10.258	AccCircle
352	1527159530164	0.157	0.412	10.297	AccCircle
353	1527159530174	0.157	0.412	10.297	AccCircle
354	1527159530180	0.314	0.294	10.258	AccCircle
355	1527159530190	0.333	0.235	10.258	AccCircle
356	1527159530197	0.314	0.02	10.219	AccCircle
357	1527159530206	0.314	-0.039	10.219	AccCircle
358	1527159530214	0.314	-0.039	10.219	AccCircle
359	1527159530222	0.294	0.039	10.219	AccCircle
360	1527159530231	0.196	0.157	10.238	AccCircle
361	1527159530239	0.157	0.196	10.258	AccCircle
362	1527159530248	0.078	0.235	10.277	AccCircle
363	1527159530256	0	0.196	10.238	AccCircle
364	1527159530264	0	0.196	10.238	AccCircle
365	1527159530273	-0.118	0.157	10.219	AccCircle
366	1527159530282	-0.177	0.196	10.297	AccCircle
367	1527159530289	-0.078	0.196	10.277	AccCircle
368	1527159530298	0.039	0.196	10.375	AccCircle
369	1527159530306	0.177	0.098	10.336	AccCircle
370	1527159530316	0.177	0.098	10.336	AccCircle
371	1527159530323	0.157	-0.02	10.238	AccCircle
372	1527159530333	0.157	-0.157	10.199	AccCircle
373	1527159530340	0.118	-0.137	10.238	AccCircle
374	1527159530349	0.235	0	10.317	AccCircle
375	1527159530358	0.451	0.196	10.258	AccCircle
376	1527159530366	0.451	0.196	10.258	AccCircle
377	1527159530374	0.51	0.235	10.277	AccCircle
378	1527159530383	0.333	0.177	10.238	AccCircle
379	1527159530391	-0.02	0.078	10.238	AccCircle
380	1527159530399	-0.177	0.078	10.297	AccCircle
381	1527159530407	-0.137	0.196	10.297	AccCircle
382	1527159530416	-0.137	0.196	10.297	AccCircle
383	1527159530424	0.02	0.196	10.336	AccCircle
384	1527159530433	0.196	0.098	10.336	AccCircle
385	1527159530442	0.196	0.039	10.297	AccCircle
386	1527159530451	0.196	-0.02	10.317	AccCircle
387	1527159530457	0.196	0	10.297	AccCircle
388	1527159530466	0.196	0	10.297	AccCircle
389	1527159530474	0.314	0.078	10.375	AccCircle
390	1527159530482	0.255	0.059	10.297	AccCircle
391	1527159530491	-0.02	-0.039	10.179	AccCircle
392	1527159530501	-0.235	-0.078	10.238	AccCircle
393	1527159530509	-0.177	0	10.219	AccCircle
394	1527159530516	-0.177	0	10.219	AccCircle
395	1527159530524	-0.098	0.078	10.317	AccCircle
396	1527159530532	0.02	0.059	10.317	AccCircle
397	1527159530540	0.157	0.059	10.356	AccCircle
398	1527159530549	0.196	0.059	10.356	AccCircle
399	1527159530557	0.157	0.098	10.297	AccCircle
400	1527159530566	0.157	0.098	10.297	AccCircle
401	1527159530574	0.118	0.098	10.317	AccCircle
402	1527159530583	0.314	0.157	10.317	AccCircle
403	1527159530592	0.53	0.157	10.336	AccCircle
404	1527159530601	0.628	0.137	10.277	AccCircle
405	1527159530610	0.51	0.078	10.258	AccCircle
406	1527159530618	0.51	0.078	10.258	AccCircle
407	1527159530625	0.294	0	10.317	AccCircle
408	1527159530634	-0.039	-0.098	10.297	AccCircle
409	1527159530642	-0.275	-0.137	10.277	AccCircle
410	1527159530651	-0.177	-0.098	10.258	AccCircle
411	1527159530659	-0.039	-0.059	10.336	AccCircle
412	1527159530668	-0.039	-0.059	10.336	AccCircle
413	1527159530676	0.059	0.078	10.375	AccCircle
414	1527159530685	0.078	0.137	10.356	AccCircle
415	1527159530692	0.196	0.118	10.277	AccCircle
416	1527159530704	0.412	0.137	10.219	AccCircle
417	1527159530709	0.647	0.177	10.199	AccCircle
418	1527159530718	0.647	0.177	10.199	AccCircle
419	1527159530726	0.647	0.157	10.238	AccCircle
420	1527159530734	0.471	0.157	10.179	AccCircle
421	1527159530742	0.216	0.216	10.277	AccCircle
422	1527159530750	0.078	0.196	10.297	AccCircle
423	1527159530758	0.078	0.196	10.297	AccCircle
424	1527159530768	0.157	0.196	10.238	AccCircle
425	1527159530775	0.275	0.275	10.297	AccCircle
426	1527159530801	0.333	0.275	10.336	AccCircle
427	1527159530802	0.255	0.255	10.336	AccCircle
428	1527159530806	0.157	0.196	10.356	AccCircle
429	1527159530809	0.157	0.196	10.356	AccCircle
430	1527159530818	-0.098	0.157	10.336	AccCircle
431	1527159530826	-0.471	0.157	10.336	AccCircle
432	1527159530836	-0.765	0.157	10.356	AccCircle
433	1527159530843	-0.667	0.275	10.395	AccCircle
434	1527159530851	-0.686	0.235	10.375	AccCircle
435	1527159530860	-0.49	0.216	10.375	AccCircle
436	1527159530868	-0.49	0.216	10.375	AccCircle
437	1527159530876	-0.412	0.196	10.317	AccCircle
438	1527159530885	-0.314	0.216	10.258	AccCircle
439	1527159530894	-0.216	0.216	10.317	AccCircle
440	1527159530902	-0.118	0.177	10.336	AccCircle
441	1527159530911	-0.118	0.177	10.336	AccCircle
442	1527159530919	-0.02	0.216	10.317	AccCircle
443	1527159530928	0.137	0.235	10.238	AccCircle
444	1527159530936	0	0.157	10.258	AccCircle
445	1527159530944	-0.098	0.157	10.238	AccCircle
446	1527159530953	-0.373	0.157	10.258	AccCircle
447	1527159530961	-0.373	0.157	10.258	AccCircle
448	1527159530970	-0.686	0.177	10.199	AccCircle
449	1527159530978	-0.843	0.157	10.297	AccCircle
450	1527159530986	-0.706	0.177	10.317	AccCircle
451	1527159530994	-0.647	0.157	10.317	AccCircle
452	1527159531003	-0.549	0.177	10.277	AccCircle
453	1527159531011	-0.549	0.177	10.277	AccCircle
454	1527159531020	-0.431	0.118	10.317	AccCircle
455	1527159531028	-0.255	0.177	10.356	AccCircle
456	1527159531036	0	0.196	10.317	AccCircle
457	1527159531045	0.255	0.255	10.238	AccCircle
458	1527159531053	0.137	0.255	10.258	AccCircle
459	1527159531062	0.137	0.255	10.258	AccCircle
460	1527159531071	0.177	0.177	10.258	AccCircle
461	1527159531079	0.137	0.216	10.219	AccCircle
462	1527159531087	0.118	0.196	10.219	AccCircle
463	1527159531095	0.157	0.177	10.297	AccCircle
464	1527159531105	0.216	0.196	10.297	AccCircle
465	1527159531112	0.216	0.196	10.297	AccCircle
466	1527159531121	0.216	0.216	10.258	AccCircle
467	1527159531129	0.314	0.216	10.238	AccCircle
468	1527159531138	0.51	0.333	10.277	AccCircle
469	1527159531146	0.765	0.353	10.238	AccCircle
470	1527159531154	1.098	0.412	10.238	AccCircle
471	1527159531163	1.098	0.412	10.238	AccCircle
472	1527159531171	1.314	0.314	10.179	AccCircle
473	1527159531180	1.51	0.275	10.219	AccCircle
474	1527159531188	1.549	0.235	10.277	AccCircle
475	1527159531196	1.412	0.216	10.317	AccCircle
476	1527159531205	1.138	0.137	10.336	AccCircle
477	1527159531213	1.138	0.137	10.336	AccCircle
478	1527159531221	0.961	0.02	10.336	AccCircle
479	1527159531230	0.53	-0.059	10.219	AccCircle
480	1527159531238	-0.039	-0.098	10.199	AccCircle
481	1527159531246	-0.569	0	10.238	AccCircle
482	1527159531255	-0.726	0	10.219	AccCircle
483	1527159531263	-0.726	0	10.219	AccCircle
484	1527159531272	-0.549	-0.02	10.199	AccCircle
485	1527159531280	-0.255	-0.059	10.219	AccCircle
486	1527159531289	0	-0.02	10.277	AccCircle
487	1527159531297	0.216	-0.118	10.179	AccCircle
488	1527159531305	0.216	-0.118	10.179	AccCircle
489	1527159531314	0.314	-0.118	10.179	AccCircle
490	1527159531323	0.255	-0.078	10.219	AccCircle
491	1527159531330	0.196	-0.039	10.297	AccCircle
492	1527159531339	0.196	0	10.219	AccCircle
493	1527159531348	0.137	0.039	10.277	AccCircle
494	1527159531356	0.137	0.039	10.277	AccCircle
495	1527159531364	0	0.078	10.375	AccCircle
496	1527159531372	-0.216	0.039	10.336	AccCircle
497	1527159531381	-0.235	0.059	10.336	AccCircle
498	1527159531389	-0.216	0.039	10.336	AccCircle
499	1527159531398	-0.118	0	10.258	AccCircle
500	1527159531406	-0.118	0	10.258	AccCircle
501	1527159531415	-0.059	-0.059	10.238	AccCircle
502	1527159531423	-0.039	-0.02	10.238	AccCircle
503	1527159531431	0.137	0.02	10.277	AccCircle
504	1527159531440	0.216	-0.039	10.258	AccCircle
505	1527159531460	0.157	-0.059	10.199	AccCircle
506	1527159531461	0.157	-0.059	10.199	AccCircle
507	1527159531478	0.196	-0.02	10.277	AccCircle
508	1527159531480	0.02	0	10.277	AccCircle
509	1527159531482	-0.333	0.02	10.219	AccCircle
510	1527159531490	-0.451	0.02	10.258	AccCircle
511	1527159531503	-0.569	0.02	10.336	AccCircle
512	1527159531507	-0.569	0.02	10.336	AccCircle
513	1527159531515	-0.53	0	10.277	AccCircle
514	1527159531523	-0.608	0.039	10.317	AccCircle
515	1527159531531	-0.647	0	10.317	AccCircle
516	1527159531540	-0.49	-0.059	10.297	AccCircle
517	1527159531549	-0.373	-0.078	10.219	AccCircle
518	1527159531556	-0.373	-0.078	10.219	AccCircle
519	1527159531565	-0.137	-0.02	10.258	AccCircle
520	1527159531573	-0.078	0.059	10.336	AccCircle
521	1527159531582	0.039	0.098	10.297	AccCircle
522	1527159531591	0.157	0.118	10.336	AccCircle
523	1527159531599	-0.039	0.137	10.336	AccCircle
524	1527159531608	-0.039	0.137	10.336	AccCircle
525	1527159531616	-0.549	0.137	10.297	AccCircle
526	1527159531624	-1.138	0.157	10.199	AccCircle
527	1527159531633	-1.471	0.275	10.238	AccCircle
528	1527159531642	-1.471	0.216	10.297	AccCircle
529	1527159531649	-1.196	0.177	10.317	AccCircle
530	1527159531658	-1.196	0.177	10.317	AccCircle
531	1527159531666	-0.883	0.098	10.258	AccCircle
532	1527159531674	-0.628	0.157	10.258	AccCircle
533	1527159531683	-0.451	0.098	10.179	AccCircle
534	1527159531691	-0.255	0.039	10.199	AccCircle
535	1527159531700	-0.078	0.078	10.199	AccCircle
536	1527159531708	-0.078	0.078	10.199	AccCircle
537	1527159531716	0.059	0.078	10.317	AccCircle
538	1527159531725	0.078	0.118	10.336	AccCircle
539	1527159531733	0.118	0.177	10.297	AccCircle
540	1527159531741	0.039	0.216	10.277	AccCircle
541	1527159531750	-0.039	0.177	10.277	AccCircle
542	1527159531758	-0.039	0.177	10.277	AccCircle
543	1527159531767	0.098	0.118	10.277	AccCircle
544	1527159531775	0.314	0.098	10.219	AccCircle
545	1527159531784	0.53	0.078	10.258	AccCircle
546	1527159531792	0.49	0.118	10.297	AccCircle
547	1527159531800	0.49	0.118	10.297	AccCircle
548	1527159531809	0.196	0.137	10.297	AccCircle
549	1527159531817	-0.353	0.039	10.219	AccCircle
550	1527159531825	-0.745	0.118	10.297	AccCircle
551	1527159531834	-0.883	0.177	10.317	AccCircle
552	1527159531842	-0.883	0.098	10.336	AccCircle
553	1527159531857	-0.569	0.059	10.258	AccCircle
554	1527159531859	-0.569	0.059	10.258	AccCircle
555	1527159531868	-0.216	0.02	10.219	AccCircle
556	1527159531876	0.039	0.059	10.238	AccCircle
557	1527159531885	0.177	0.098	10.277	AccCircle
558	1527159531893	0.177	0.137	10.297	AccCircle
559	1527159531902	0.177	0.137	10.297	AccCircle
560	1527159531910	0	0.255	10.297	AccCircle
561	1527159531918	-0.078	0.216	10.258	AccCircle
562	1527159531926	-0.118	0.157	10.297	AccCircle
563	1527159531934	-0.196	0.177	10.297	AccCircle
564	1527159531943	-0.157	0.078	10.277	AccCircle
565	1527159531951	-0.157	0.078	10.277	AccCircle
566	1527159531960	-0.098	0.078	10.12	AccCircle
567	1527159531968	-0.078	-0.059	10.179	AccCircle
568	1527159531977	-0.235	-0.098	10.16	AccCircle
569	1527159531985	-0.275	-0.02	10.16	AccCircle
570	1527159531994	-0.157	0.039	10.238	AccCircle
571	1527159532002	-0.157	0.039	10.238	AccCircle
572	1527159532010	-0.137	-0.02	10.179	AccCircle
573	1527159532018	-0.177	0.059	10.16	AccCircle
574	1527159532027	-0.235	0.157	10.297	AccCircle
575	1527159532035	-0.294	0.275	10.297	AccCircle
576	1527159532044	-0.392	0.431	10.336	AccCircle
577	1527159532052	-0.392	0.431	10.336	AccCircle
578	1527159532060	-0.392	0.353	10.317	AccCircle
579	1527159532069	-0.314	0.275	10.317	AccCircle
580	1527159532078	-0.275	0.255	10.336	AccCircle
581	1527159532085	-0.235	0.255	10.356	AccCircle
582	1527159532095	-0.196	0.177	10.356	AccCircle
583	1527159532102	-0.196	0.177	10.356	AccCircle
584	1527159532111	-0.157	0.157	10.317	AccCircle
585	1527159532119	-0.177	0.098	10.258	AccCircle
586	1527159532127	-0.137	0.039	10.297	AccCircle
587	1527159532136	-0.118	0.059	10.356	AccCircle
588	1527159532144	-0.255	0.157	10.336	AccCircle
589	1527159532153	-0.255	0.157	10.336	AccCircle
590	1527159532161	-0.353	0.255	10.336	AccCircle
591	1527159532171	-0.392	0.216	10.297	AccCircle
592	1527159532178	-0.373	0.235	10.317	AccCircle
593	1527159532187	-0.275	0.157	10.258	AccCircle
594	1527159532195	-0.118	0.157	10.277	AccCircle
595	1527159532203	-0.118	0.157	10.277	AccCircle
596	1527159532211	-0.02	0.157	10.277	AccCircle
597	1527159532220	-0.059	0.196	10.297	AccCircle
598	1527159532229	-0.078	0.196	10.258	AccCircle
599	1527159532237	-0.177	0.177	10.336	AccCircle
600	1527159532245	-0.373	0.059	10.356	AccCircle
601	1527159532254	-0.373	0.059	10.356	AccCircle
602	1527159532262	-0.549	0.137	10.297	AccCircle
603	1527159532270	-0.451	0.333	10.317	AccCircle
604	1527159532279	-0.177	0.333	10.375	AccCircle
605	1527159532287	-0.02	0.314	10.336	AccCircle
606	1527159532295	-0.02	0.314	10.65	AccCircle
607	1527159532303	-0.02	0.235	10.356	AccCircle
608	1527159532313	-0.098	0.294	10.258	AccCircle
609	1527159532321	-0.216	0.353	10.277	AccCircle
610	1527159532330	-0.294	0.353	10.277	AccCircle
611	1527159532339	-0.451	0.392	10.277	AccCircle
612	1527159532346	-0.451	0.392	10.277	AccCircle
613	1527159532354	-0.471	0.412	10.297	AccCircle
614	1527159532363	-0.373	0.412	10.258	AccCircle
615	1527159532371	-0.235	0.255	10.317	AccCircle
616	1527159532379	-0.157	0.314	10.297	AccCircle
617	1527159532388	-0.137	0.255	10.336	AccCircle
618	1527159532396	-0.137	0.255	10.336	AccCircle
619	1527159532404	-0.216	0.314	10.317	AccCircle
620	1527159532413	-0.275	0.353	10.356	AccCircle
621	1527159532421	-0.373	0.353	10.336	AccCircle
622	1527159532430	-0.333	0.294	10.297	AccCircle
623	1527159532438	-0.255	0.216	10.375	AccCircle
624	1527159532446	-0.255	0.216	10.375	AccCircle
625	1527159532455	-0.177	0.157	10.297	AccCircle
626	1527159532463	-0.137	0.216	10.297	AccCircle
627	1527159532472	-0.196	0.216	10.317	AccCircle
628	1527159532480	-0.157	0.314	10.317	AccCircle
629	1527159532488	-0.216	0.255	10.356	AccCircle
630	1527159532497	-0.216	0.255	10.356	AccCircle
631	1527159532505	-0.157	0.177	10.277	AccCircle
632	1527159532514	-0.118	0.255	10.219	AccCircle
633	1527159532522	-0.137	0.314	10.258	AccCircle
634	1527159532530	-0.118	0.353	10.219	AccCircle
635	1527159532539	-0.157	0.392	10.297	AccCircle
636	1527159532547	-0.157	0.392	10.297	AccCircle
637	1527159532555	-0.118	0.392	10.277	AccCircle
638	1527159532565	-0.118	0.235	10.258	AccCircle
639	1527159532573	-0.098	0.157	10.219	AccCircle
640	1527159532581	-0.059	0.157	10.258	AccCircle
641	1527159532589	-0.02	0.137	10.297	AccCircle
642	1527159532598	-0.02	0.137	10.297	AccCircle
643	1527159532606	-0.039	0.118	10.277	AccCircle
644	1527159532614	-0.078	0.157	10.297	AccCircle
645	1527159532623	-0.137	0.196	10.297	AccCircle
646	1527159532631	-0.196	0.294	10.277	AccCircle
647	1527159532640	-0.177	0.314	10.356	AccCircle
648	1527159532648	-0.177	0.314	10.356	AccCircle
649	1527159532656	-0.216	0.294	10.317	AccCircle
650	1527159532665	-0.314	0.314	10.297	AccCircle
651	1527159532673	-0.216	0.235	10.336	AccCircle
652	1527159532682	-0.196	0.294	10.317	AccCircle
653	1527159532690	-0.137	0.333	10.277	AccCircle
654	1527159532699	-0.137	0.333	10.277	AccCircle
655	1527159532707	-0.078	0.275	10.317	AccCircle
656	1527159532715	-0.039	0.235	10.317	AccCircle
657	1527159532724	-0.059	0.255	10.297	AccCircle
658	1527159532732	-0.059	0.255	10.297	AccCircle
659	1527159532741	-0.02	0.294	10.258	AccCircle
660	1527159532748	-0.02	0.294	10.258	AccCircle
661	1527159532757	-0.078	0.255	10.199	AccCircle
662	1527159532765	-0.098	0.314	10.258	AccCircle
663	1527159532773	-0.118	0.353	10.297	AccCircle
664	1527159532782	-0.157	0.235	10.277	AccCircle
665	1527159532791	-0.157	0.235	10.277	AccCircle
666	1527159532799	-0.157	0.157	10.277	AccCircle
667	1527159532808	-0.157	0.157	10.277	AccCircle
668	1527159532816	-0.235	0.177	10.336	AccCircle
669	1527159532826	-0.235	0.157	10.277	AccCircle
670	1527159532833	-0.177	0.255	10.336	AccCircle
671	1527159532842	-0.177	0.255	10.336	AccCircle
672	1527159532849	-0.177	0.333	10.336	AccCircle
673	1527159532859	-0.196	0.373	10.375	AccCircle
674	1527159532866	-0.137	0.353	10.375	AccCircle
675	1527159532874	-0.078	0.294	10.317	AccCircle
676	1527159532883	-0.098	0.216	10.336	AccCircle
677	1527159532892	-0.098	0.216	10.336	AccCircle
678	1527159532899	-0.177	0.157	10.297	AccCircle
679	1527159532908	-0.196	0.157	10.238	AccCircle
680	1527159532916	-0.235	0.157	10.297	AccCircle
681	1527159532925	-0.255	0.098	10.317	AccCircle
682	1527159532933	-0.275	0.118	10.258	AccCircle
683	1527159532941	-0.275	0.118	10.258	AccCircle
684	1527159532965	-0.255	0.137	10.336	AccCircle
685	1527159532966	-0.235	0.078	10.356	AccCircle
686	1527159532967	-0.255	0.118	10.277	AccCircle
687	1527159532978	-0.216	0.137	10.258	AccCircle
688	1527159532982	-0.235	0.118	10.258	AccCircle
689	1527159532991	-0.235	0.118	10.258	AccCircle
690	1527159532999	-0.314	0.137	10.356	AccCircle
691	1527159533008	-0.333	0.137	10.336	AccCircle
692	1527159533016	-0.412	0.177	10.336	AccCircle
693	1527159533024	-0.451	0.216	10.317	AccCircle
694	1527159533033	-0.353	0.294	10.297	AccCircle
695	1527159533042	-0.353	0.294	10.297	AccCircle
696	1527159533051	-0.177	0.235	10.277	AccCircle
697	1527159533060	-0.118	0.196	10.258	AccCircle
698	1527159533068	-0.137	0.216	10.317	AccCircle
699	1527159533076	-0.177	0.275	10.356	AccCircle
700	1527159533084	-0.314	0.275	10.277	AccCircle
701	1527159533093	-0.314	0.275	10.277	AccCircle
702	1527159533101	-0.431	0.294	10.277	AccCircle
703	1527159533110	-0.373	0.255	10.317	AccCircle
704	1527159533118	-0.451	0.235	10.336	AccCircle
705	1527159533126	-0.569	0.235	10.356	AccCircle
706	1527159533135	-0.765	0.235	10.434	AccCircle
707	1527159533143	-0.765	0.235	10.434	AccCircle
708	1527159533151	-0.961	0.216	10.356	AccCircle
709	1527159533160	-1.118	0.196	10.238	AccCircle
710	1527159533168	-1.079	0.196	10.16	AccCircle
711	1527159533177	-0.883	0.196	10.179	AccCircle
712	1527159533185	-0.667	0.235	10.238	AccCircle
713	1527159533194	-0.667	0.235	10.238	AccCircle
714	1527159533204	-0.628	0.216	10.219	AccCircle
715	1527159533210	-0.51	0.196	10.317	AccCircle
716	1527159533219	-0.314	0.314	10.395	AccCircle
717	1527159533227	-0.196	0.471	10.356	AccCircle
718	1527159533235	-0.196	0.451	10.434	AccCircle
719	1527159533244	-0.196	0.451	10.434	AccCircle
720	1527159533253	-0.549	0.392	10.395	AccCircle
721	1527159533261	-0.981	0.373	10.258	AccCircle
722	1527159533269	-1.255	0.353	10.199	AccCircle
723	1527159533278	-1.314	0.373	10.199	AccCircle
724	1527159533286	-1.02	0.392	10.258	AccCircle
725	1527159533294	-1.02	0.392	10.258	AccCircle
726	1527159533303	-0.588	0.412	10.277	AccCircle
727	1527159533312	-0.098	0.569	10.395	AccCircle
728	1527159533320	0.314	0.726	10.395	AccCircle
729	1527159533329	0.608	0.804	10.375	AccCircle
730	1527159533336	0.608	0.804	10.375	AccCircle
731	1527159533345	0.608	0.686	10.415	AccCircle
732	1527159533353	0.039	0.49	10.415	AccCircle
733	1527159533362	-0.961	0.196	10.258	AccCircle
734	1527159533370	-1.785	0.078	10.258	AccCircle
735	1527159533379	-2.295	0.02	10.101	AccCircle
736	1527159533387	-2.295	0.02	10.101	AccCircle
737	1527159533395	-2.177	0.02	9.924	AccCircle
738	1527159533403	-1.236	0.196	10.003	AccCircle
739	1527159533412	-0.373	0.53	10.277	AccCircle
740	1527159533420	0.333	0.745	10.356	AccCircle
741	1527159533429	0.824	0.824	10.375	AccCircle
742	1527159533437	0.824	0.824	10.375	AccCircle
743	1527159533446	1.177	0.863	10.454	AccCircle
744	1527159533454	1.451	0.765	10.513	AccCircle
745	1527159533462	1.373	0.706	10.493	AccCircle
746	1527159533471	0.961	0.569	10.375	AccCircle
747	1527159533479	0.686	0.392	10.356	AccCircle
748	1527159533487	0.686	0.392	10.356	AccCircle
749	1527159533496	0.726	0.451	10.336	AccCircle
750	1527159533504	0.765	0.51	10.219	AccCircle
751	1527159533513	0.726	0.471	10.12	AccCircle
752	1527159533521	0.706	0.451	10.003	AccCircle
753	1527159533530	0.745	0.53	10.003	AccCircle
754	1527159533538	0.745	0.53	10.003	AccCircle
755	1527159533546	0.941	0.628	10.022	AccCircle
756	1527159533556	1.393	0.726	10.219	AccCircle
757	1527159533563	2.275	0.451	10.454	AccCircle
758	1527159533571	2.844	0.333	10.179	AccCircle
759	1527159533580	1.569	0.294	10.65	AccCircle
760	1527159533588	1.569	0.294	10.65	AccCircle
761	1527159533596	0.412	0.216	10.199	AccCircle
762	1527159533605	-0.49	-0.196	10.375	AccCircle
763	1527159533613	-0.235	0.157	9.709	AccCircle
764	1527159533621	-0.235	0.177	10.14	AccCircle
765	1527159533630	-0.098	0.255	10.748	AccCircle
766	1527159533639	-0.098	0.255	10.748	AccCircle
767	1527159533647	-0.157	0.275	10.356	AccCircle
768	1527159533655	-0.118	0.275	10.238	AccCircle
769	1527159533663	-0.118	0.235	10.375	AccCircle
770	1527159533672	-0.098	0.216	10.395	AccCircle
771	1527159533680	-0.059	0.216	10.297	AccCircle
772	1527159533689	-0.059	0.216	10.297	AccCircle
773	1527159533697	-0.059	0.235	10.258	AccCircle
774	1527159533706	-0.039	0.275	10.375	AccCircle
775	1527159533714	-0.078	0.255	10.258	AccCircle
776	1527159533722	0	0.235	10.395	AccCircle
777	1527159533731	0.02	0.255	10.375	AccCircle
778	1527159533739	0.02	0.255	10.375	AccCircle
779	1527159533747	-0.039	0.275	10.395	AccCircle
780	1527159533756	-0.059	0.275	10.297	AccCircle
781	1527159533764	-0.059	0.294	10.317	AccCircle
782	1527159533772	-0.078	0.333	10.336	AccCircle
783	1527159533781	-0.098	0.333	10.297	AccCircle
784	1527159533789	-0.098	0.333	10.297	AccCircle
785	1527159533798	-0.137	0.294	10.238	AccCircle
786	1527159533806	-0.098	0.235	10.258	AccCircle
787	1527159533815	-0.098	0.235	10.297	AccCircle
788	1527159533823	-0.118	0.216	10.258	AccCircle
789	1527159533831	-0.118	0.216	10.395	AccCircle
790	1527159533840	-0.059	0.177	10.395	AccCircle
791	1527159533848	-0.059	0.177	10.395	AccCircle
792	1527159533857	-0.078	0.216	10.356	AccCircle
793	1527159533865	-0.059	0.235	10.199	AccCircle
794	1527159533874	-0.098	0.275	10.277	AccCircle
795	1527159533882	-0.098	0.275	10.277	AccCircle
796	1527159533890	-0.098	0.314	10.375	AccCircle
797	1527159533899	-0.078	0.314	10.238	AccCircle
798	1527159533906	-0.059	0.235	10.297	AccCircle
799	1527159533915	-0.098	0.275	10.356	AccCircle
800	1527159533924	-0.078	0.235	10.415	AccCircle
801	1527159533932	-0.078	0.235	10.415	AccCircle
802	1527159533940	-0.118	0.255	10.356	AccCircle
803	1527159533949	0.039	0.157	11.356	AccCircle
804	1527159533957	-0.177	0.373	9.983	AccCircle
805	1527159533965	-0.039	0.49	9.924	AccCircle
806	1527159533975	-0.02	0.333	9.944	AccCircle
807	1527159533982	-0.02	0.333	9.944	AccCircle
808	1527159533989	-0.098	0.333	10.375	AccCircle
809	1527159533997	-0.078	0.333	10.081	AccCircle
810	1527159534007	-0.078	0.314	10.179	AccCircle
811	1527159534015	-0.118	0.275	10.277	AccCircle
812	1527159534024	-0.059	0.275	10.356	AccCircle
813	1527159534031	-0.059	0.275	10.356	AccCircle
814	1527159534040	-0.059	0.294	10.572	AccCircle
815	1527159534048	-0.098	0.314	10.317	AccCircle
